timestamp,new_position,prev_position,turnover,cost
2023-01-01 00:00:00+00:00,-1.0,-1.0,0.0,0.0
2023-01-01 12:00:00+00:00,1.0,-1.0,2.0,0.0
2023-01-02 22:00:00+00:00,-1.0,1.0,2.0,0.0
2023-01-04 03:00:00+00:00,1.0,-1.0,2.0,0.0
2023-01-04 21:00:00+00:00,-1.0,1.0,2.0,0.0
2023-01-05 21:00:00+00:00,1.0,-1.0,2.0,0.0
2023-01-06 03:00:00+00:00,-1.0,1.0,2.0,0.0
2023-01-06 18:00:00+00:00,1.0,-1.0,2.0,0.0
2023-01-07 11:00:00+00:00,-1.0,1.0,2.0,0.0
2023-01-08 23:00:00+00:00,1.0,-1.0,2.0,0.0
2023-01-09 21:00:00+00:00,-1.0,1.0,2.0,0.0
2023-01-10 16:00:00+00:00,1.0,-1.0,2.0,0.0
2023-01-11 06:00:00+00:00,-1.0,1.0,2.0,0.0
2023-01-11 21:00:00+00:00,1.0,-1.0,2.0,0.0
2023-01-12 15:00:00+00:00,-1.0,1.0,2.0,0.0
2023-01-12 18:00:00+00:00,1.0,-1.0,2.0,0.0
2023-01-13 05:00:00+00:00,-1.0,1.0,2.0,0.0
2023-01-13 19:00:00+00:00,1.0,-1.0,2.0,0.0
2023-01-14 12:00:00+00:00,-1.0,1.0,2.0,0.0
2023-01-16 01:00:00+00:00,1.0,-1.0,2.0,0.0
2023-01-16 09:00:00+00:00,-1.0,1.0,2.0,0.0
2023-01-16 19:00:00+00:00,1.0,-1.0,2.0,0.0
2023-01-17 04:00:00+00:00,-1.0,1.0,2.0,0.0
2023-01-17 19:00:00+00:00,1.0,-1.0,2.0,0.0
2023-01-17 23:00:00+00:00,-1.0,1.0,2.0,0.0
2023-01-19 09:00:00+00:00,1.0,-1.0,2.0,0.0
2023-01-20 10:00:00+00:00,-1.0,1.0,2.0,0.0
2023-01-20 14:00:00+00:00,1.0,-1.0,2.0,0.0
2023-01-21 16:00:00+00:00,-1.0,1.0,2.0,0.0
2023-01-23 10:00:00+00:00,1.0,-1.0,2.0,0.0
2023-01-24 10:00:00+00:00,-1.0,1.0,2.0,0.0
2023-01-25 18:00:00+00:00,1.0,-1.0,2.0,0.0
2023-01-26 11:00:00+00:00,-1.0,1.0,2.0,0.0
2023-01-27 16:00:00+00:00,1.0,-1.0,2.0,0.0
2023-01-28 06:00:00+00:00,-1.0,1.0,2.0,0.0
2023-01-29 00:00:00+00:00,1.0,-1.0,2.0,0.0
2023-01-30 04:00:00+00:00,-1.0,1.0,2.0,0.0
2023-01-31 08:00:00+00:00,1.0,-1.0,2.0,0.0
2023-02-01 09:00:00+00:00,-1.0,1.0,2.0,0.0
2023-02-01 19:00:00+00:00,1.0,-1.0,2.0,0.0
2023-02-02 12:00:00+00:00,-1.0,1.0,2.0,0.0
2023-02-04 11:00:00+00:00,1.0,-1.0,2.0,0.0
2023-02-05 02:00:00+00:00,-1.0,1.0,2.0,0.0
2023-02-05 08:00:00+00:00,1.0,-1.0,2.0,0.0
2023-02-05 12:00:00+00:00,-1.0,1.0,2.0,0.0
2023-02-06 15:00:00+00:00,1.0,-1.0,2.0,0.0
2023-02-08 10:00:00+00:00,-1.0,1.0,2.0,0.0
2023-02-09 14:00:00+00:00,1.0,-1.0,2.0,0.0
2023-02-09 16:00:00+00:00,-1.0,1.0,2.0,0.0
2023-02-10 10:00:00+00:00,1.0,-1.0,2.0,0.0
2023-02-12 23:00:00+00:00,-1.0,1.0,2.0,0.0
2023-02-13 23:00:00+00:00,1.0,-1.0,2.0,0.0
2023-02-15 05:00:00+00:00,-1.0,1.0,2.0,0.0
2023-02-15 12:00:00+00:00,1.0,-1.0,2.0,0.0
2023-02-16 11:00:00+00:00,-1.0,1.0,2.0,0.0
2023-02-17 17:00:00+00:00,1.0,-1.0,2.0,0.0
2023-02-18 10:00:00+00:00,-1.0,1.0,2.0,0.0
2023-02-20 09:00:00+00:00,1.0,-1.0,2.0,0.0
2023-02-21 01:00:00+00:00,-1.0,1.0,2.0,0.0
2023-02-21 05:00:00+00:00,1.0,-1.0,2.0,0.0
2023-02-21 08:00:00+00:00,-1.0,1.0,2.0,0.0
2023-02-22 23:00:00+00:00,1.0,-1.0,2.0,0.0
2023-02-23 14:00:00+00:00,-1.0,1.0,2.0,0.0
2023-02-24 04:00:00+00:00,1.0,-1.0,2.0,0.0
2023-02-24 15:00:00+00:00,-1.0,1.0,2.0,0.0
2023-02-25 07:00:00+00:00,1.0,-1.0,2.0,0.0
2023-02-27 07:00:00+00:00,-1.0,1.0,2.0,0.0
2023-02-27 15:00:00+00:00,1.0,-1.0,2.0,0.0
2023-02-27 16:00:00+00:00,-1.0,1.0,2.0,0.0
2023-02-28 15:00:00+00:00,1.0,-1.0,2.0,0.0
2023-02-28 21:00:00+00:00,-1.0,1.0,2.0,0.0
2023-03-01 04:00:00+00:00,1.0,-1.0,2.0,0.0
2023-03-01 19:00:00+00:00,-1.0,1.0,2.0,0.0
2023-03-02 21:00:00+00:00,1.0,-1.0,2.0,0.0
2023-03-03 01:00:00+00:00,-1.0,1.0,2.0,0.0
2023-03-03 17:00:00+00:00,1.0,-1.0,2.0,0.0
2023-03-06 02:00:00+00:00,-1.0,1.0,2.0,0.0
2023-03-06 15:00:00+00:00,1.0,-1.0,2.0,0.0
2023-03-06 22:00:00+00:00,-1.0,1.0,2.0,0.0
2023-03-07 03:00:00+00:00,1.0,-1.0,2.0,0.0
2023-03-07 08:00:00+00:00,-1.0,1.0,2.0,0.0
2023-03-08 15:00:00+00:00,1.0,-1.0,2.0,0.0
2023-03-08 23:00:00+00:00,-1.0,1.0,2.0,0.0
2023-03-09 14:00:00+00:00,1.0,-1.0,2.0,0.0
2023-03-09 17:00:00+00:00,-1.0,1.0,2.0,0.0
2023-03-10 13:00:00+00:00,1.0,-1.0,2.0,0.0
2023-03-12 15:00:00+00:00,-1.0,1.0,2.0,0.0
2023-03-12 17:00:00+00:00,1.0,-1.0,2.0,0.0
2023-03-13 12:00:00+00:00,-1.0,1.0,2.0,0.0
2023-03-13 15:00:00+00:00,1.0,-1.0,2.0,0.0
2023-03-14 05:00:00+00:00,-1.0,1.0,2.0,0.0
2023-03-14 14:00:00+00:00,1.0,-1.0,2.0,0.0
2023-03-14 20:00:00+00:00,-1.0,1.0,2.0,0.0
2023-03-16 07:00:00+00:00,1.0,-1.0,2.0,0.0
2023-03-18 07:00:00+00:00,-1.0,1.0,2.0,0.0
2023-03-19 15:00:00+00:00,1.0,-1.0,2.0,0.0
2023-03-20 03:00:00+00:00,-1.0,1.0,2.0,0.0
2023-03-20 10:00:00+00:00,1.0,-1.0,2.0,0.0
2023-03-20 15:00:00+00:00,-1.0,1.0,2.0,0.0
2023-03-21 13:00:00+00:00,1.0,-1.0,2.0,0.0
2023-03-22 02:00:00+00:00,-1.0,1.0,2.0,0.0
2023-03-22 05:00:00+00:00,1.0,-1.0,2.0,0.0
2023-03-22 09:00:00+00:00,-1.0,1.0,2.0,0.0
2023-03-22 14:00:00+00:00,1.0,-1.0,2.0,0.0
2023-03-22 19:00:00+00:00,-1.0,1.0,2.0,0.0
2023-03-23 09:00:00+00:00,1.0,-1.0,2.0,0.0
2023-03-24 08:00:00+00:00,-1.0,1.0,2.0,0.0
2023-03-25 11:00:00+00:00,1.0,-1.0,2.0,0.0
2023-03-27 05:00:00+00:00,-1.0,1.0,2.0,0.0
2023-03-28 08:00:00+00:00,1.0,-1.0,2.0,0.0
2023-03-29 22:00:00+00:00,-1.0,1.0,2.0,0.0
2023-03-31 14:00:00+00:00,1.0,-1.0,2.0,0.0
2023-04-01 09:00:00+00:00,-1.0,1.0,2.0,0.0
2023-04-03 09:00:00+00:00,1.0,-1.0,2.0,0.0
2023-04-03 21:00:00+00:00,-1.0,1.0,2.0,0.0
2023-04-04 06:00:00+00:00,1.0,-1.0,2.0,0.0
2023-04-05 13:00:00+00:00,-1.0,1.0,2.0,0.0
2023-04-06 16:00:00+00:00,1.0,-1.0,2.0,0.0
2023-04-07 08:00:00+00:00,-1.0,1.0,2.0,0.0
2023-04-07 18:00:00+00:00,1.0,-1.0,2.0,0.0
2023-04-08 18:00:00+00:00,-1.0,1.0,2.0,0.0
2023-04-09 03:00:00+00:00,1.0,-1.0,2.0,0.0
2023-04-09 07:00:00+00:00,-1.0,1.0,2.0,0.0
2023-04-09 19:00:00+00:00,1.0,-1.0,2.0,0.0
2023-04-10 12:00:00+00:00,-1.0,1.0,2.0,0.0
2023-04-10 16:00:00+00:00,1.0,-1.0,2.0,0.0
2023-04-11 12:00:00+00:00,-1.0,1.0,2.0,0.0
2023-04-13 05:00:00+00:00,1.0,-1.0,2.0,0.0
2023-04-14 13:00:00+00:00,-1.0,1.0,2.0,0.0
2023-04-15 12:00:00+00:00,1.0,-1.0,2.0,0.0
2023-04-15 13:00:00+00:00,-1.0,1.0,2.0,0.0
2023-04-16 06:00:00+00:00,1.0,-1.0,2.0,0.0
2023-04-17 00:00:00+00:00,-1.0,1.0,2.0,0.0
2023-04-18 01:00:00+00:00,1.0,-1.0,2.0,0.0
2023-04-19 04:00:00+00:00,-1.0,1.0,2.0,0.0
2023-04-20 09:00:00+00:00,1.0,-1.0,2.0,0.0
2023-04-20 18:00:00+00:00,-1.0,1.0,2.0,0.0
2023-04-21 03:00:00+00:00,1.0,-1.0,2.0,0.0
2023-04-21 20:00:00+00:00,-1.0,1.0,2.0,0.0
2023-04-22 07:00:00+00:00,1.0,-1.0,2.0,0.0
2023-04-23 15:00:00+00:00,-1.0,1.0,2.0,0.0
2023-04-24 01:00:00+00:00,1.0,-1.0,2.0,0.0
2023-04-24 08:00:00+00:00,-1.0,1.0,2.0,0.0
2023-04-24 23:00:00+00:00,1.0,-1.0,2.0,0.0
2023-04-26 20:00:00+00:00,-1.0,1.0,2.0,0.0
2023-04-27 18:00:00+00:00,1.0,-1.0,2.0,0.0
2023-04-28 05:00:00+00:00,-1.0,1.0,2.0,0.0
2023-04-29 04:00:00+00:00,1.0,-1.0,2.0,0.0
2023-04-29 10:00:00+00:00,-1.0,1.0,2.0,0.0
2023-04-30 07:00:00+00:00,1.0,-1.0,2.0,0.0
2023-05-01 00:00:00+00:00,-1.0,1.0,2.0,0.0
2023-05-02 04:00:00+00:00,1.0,-1.0,2.0,0.0
2023-05-03 12:00:00+00:00,-1.0,1.0,2.0,0.0
2023-05-03 22:00:00+00:00,1.0,-1.0,2.0,0.0
2023-05-04 13:00:00+00:00,-1.0,1.0,2.0,0.0
2023-05-05 03:00:00+00:00,1.0,-1.0,2.0,0.0
2023-05-05 12:00:00+00:00,-1.0,1.0,2.0,0.0
2023-05-05 15:00:00+00:00,1.0,-1.0,2.0,0.0
2023-05-06 04:00:00+00:00,-1.0,1.0,2.0,0.0
2023-05-07 04:00:00+00:00,1.0,-1.0,2.0,0.0
2023-05-07 23:00:00+00:00,-1.0,1.0,2.0,0.0
2023-05-09 00:00:00+00:00,1.0,-1.0,2.0,0.0
2023-05-10 21:00:00+00:00,-1.0,1.0,2.0,0.0
2023-05-12 15:00:00+00:00,1.0,-1.0,2.0,0.0
2023-05-14 00:00:00+00:00,-1.0,1.0,2.0,0.0
2023-05-14 14:00:00+00:00,1.0,-1.0,2.0,0.0
2023-05-14 23:00:00+00:00,-1.0,1.0,2.0,0.0
2023-05-15 02:00:00+00:00,1.0,-1.0,2.0,0.0
2023-05-15 20:00:00+00:00,-1.0,1.0,2.0,0.0
2023-05-17 01:00:00+00:00,1.0,-1.0,2.0,0.0
2023-05-17 08:00:00+00:00,-1.0,1.0,2.0,0.0
2023-05-17 18:00:00+00:00,1.0,-1.0,2.0,0.0
2023-05-18 13:00:00+00:00,-1.0,1.0,2.0,0.0
2023-05-19 08:00:00+00:00,1.0,-1.0,2.0,0.0
2023-05-21 09:00:00+00:00,-1.0,1.0,2.0,0.0
2023-05-22 08:00:00+00:00,1.0,-1.0,2.0,0.0
2023-05-23 17:00:00+00:00,-1.0,1.0,2.0,0.0
2023-05-25 05:00:00+00:00,1.0,-1.0,2.0,0.0
2023-05-27 05:00:00+00:00,-1.0,1.0,2.0,0.0
2023-05-27 23:00:00+00:00,1.0,-1.0,2.0,0.0
2023-05-29 09:00:00+00:00,-1.0,1.0,2.0,0.0
2023-05-30 11:00:00+00:00,1.0,-1.0,2.0,0.0
2023-05-30 15:00:00+00:00,-1.0,1.0,2.0,0.0
2023-05-31 21:00:00+00:00,1.0,-1.0,2.0,0.0
2023-06-01 07:00:00+00:00,-1.0,1.0,2.0,0.0
2023-06-01 08:00:00+00:00,1.0,-1.0,2.0,0.0
2023-06-03 05:00:00+00:00,-1.0,1.0,2.0,0.0
2023-06-04 09:00:00+00:00,1.0,-1.0,2.0,0.0
2023-06-05 00:00:00+00:00,-1.0,1.0,2.0,0.0
2023-06-06 06:00:00+00:00,1.0,-1.0,2.0,0.0
2023-06-07 09:00:00+00:00,-1.0,1.0,2.0,0.0
2023-06-08 14:00:00+00:00,1.0,-1.0,2.0,0.0
2023-06-09 02:00:00+00:00,-1.0,1.0,2.0,0.0
2023-06-09 09:00:00+00:00,1.0,-1.0,2.0,0.0
2023-06-09 19:00:00+00:00,-1.0,1.0,2.0,0.0
2023-06-10 19:00:00+00:00,1.0,-1.0,2.0,0.0
2023-06-12 06:00:00+00:00,-1.0,1.0,2.0,0.0
2023-06-12 11:00:00+00:00,1.0,-1.0,2.0,0.0
2023-06-12 15:00:00+00:00,-1.0,1.0,2.0,0.0
2023-06-12 23:00:00+00:00,1.0,-1.0,2.0,0.0
2023-06-13 15:00:00+00:00,-1.0,1.0,2.0,0.0
2023-06-14 04:00:00+00:00,1.0,-1.0,2.0,0.0
2023-06-14 07:00:00+00:00,-1.0,1.0,2.0,0.0
2023-06-14 12:00:00+00:00,1.0,-1.0,2.0,0.0
2023-06-14 20:00:00+00:00,-1.0,1.0,2.0,0.0
2023-06-15 14:00:00+00:00,1.0,-1.0,2.0,0.0
2023-06-17 13:00:00+00:00,-1.0,1.0,2.0,0.0
2023-06-19 14:00:00+00:00,1.0,-1.0,2.0,0.0
2023-06-20 10:00:00+00:00,-1.0,1.0,2.0,0.0
2023-06-20 17:00:00+00:00,1.0,-1.0,2.0,0.0
2023-06-22 01:00:00+00:00,-1.0,1.0,2.0,0.0
2023-06-23 15:00:00+00:00,1.0,-1.0,2.0,0.0
2023-06-24 02:00:00+00:00,-1.0,1.0,2.0,0.0
2023-06-25 05:00:00+00:00,1.0,-1.0,2.0,0.0
2023-06-25 13:00:00+00:00,-1.0,1.0,2.0,0.0
2023-06-26 13:00:00+00:00,1.0,-1.0,2.0,0.0
2023-06-26 19:00:00+00:00,-1.0,1.0,2.0,0.0
2023-06-27 00:00:00+00:00,1.0,-1.0,2.0,0.0
2023-06-28 01:00:00+00:00,-1.0,1.0,2.0,0.0
2023-06-29 04:00:00+00:00,1.0,-1.0,2.0,0.0
2023-06-30 00:00:00+00:00,-1.0,1.0,2.0,0.0
2023-06-30 04:00:00+00:00,1.0,-1.0,2.0,0.0
2023-06-30 14:00:00+00:00,-1.0,1.0,2.0,0.0
2023-07-01 10:00:00+00:00,1.0,-1.0,2.0,0.0
2023-07-02 04:00:00+00:00,-1.0,1.0,2.0,0.0
2023-07-02 22:00:00+00:00,1.0,-1.0,2.0,0.0
2023-07-03 12:00:00+00:00,-1.0,1.0,2.0,0.0
2023-07-03 15:00:00+00:00,1.0,-1.0,2.0,0.0
2023-07-04 06:00:00+00:00,-1.0,1.0,2.0,0.0
2023-07-05 23:00:00+00:00,1.0,-1.0,2.0,0.0
2023-07-06 16:00:00+00:00,-1.0,1.0,2.0,0.0
2023-07-07 11:00:00+00:00,1.0,-1.0,2.0,0.0
2023-07-08 11:00:00+00:00,-1.0,1.0,2.0,0.0
2023-07-09 00:00:00+00:00,1.0,-1.0,2.0,0.0
2023-07-09 19:00:00+00:00,-1.0,1.0,2.0,0.0
2023-07-10 12:00:00+00:00,1.0,-1.0,2.0,0.0
2023-07-11 09:00:00+00:00,-1.0,1.0,2.0,0.0
2023-07-11 23:00:00+00:00,1.0,-1.0,2.0,0.0
2023-07-12 00:00:00+00:00,-1.0,1.0,2.0,0.0
2023-07-12 06:00:00+00:00,1.0,-1.0,2.0,0.0
2023-07-12 16:00:00+00:00,-1.0,1.0,2.0,0.0
2023-07-13 10:00:00+00:00,1.0,-1.0,2.0,0.0
2023-07-14 08:00:00+00:00,-1.0,1.0,2.0,0.0
2023-07-15 10:00:00+00:00,1.0,-1.0,2.0,0.0
2023-07-17 09:00:00+00:00,-1.0,1.0,2.0,0.0
2023-07-18 01:00:00+00:00,1.0,-1.0,2.0,0.0
2023-07-18 09:00:00+00:00,-1.0,1.0,2.0,0.0
2023-07-19 00:00:00+00:00,1.0,-1.0,2.0,0.0
2023-07-19 16:00:00+00:00,-1.0,1.0,2.0,0.0
2023-07-19 18:00:00+00:00,1.0,-1.0,2.0,0.0
2023-07-19 23:00:00+00:00,-1.0,1.0,2.0,0.0
2023-07-20 04:00:00+00:00,1.0,-1.0,2.0,0.0
2023-07-20 16:00:00+00:00,-1.0,1.0,2.0,0.0
2023-07-21 07:00:00+00:00,1.0,-1.0,2.0,0.0
2023-07-21 09:00:00+00:00,-1.0,1.0,2.0,0.0
2023-07-21 12:00:00+00:00,1.0,-1.0,2.0,0.0
2023-07-22 12:00:00+00:00,-1.0,1.0,2.0,0.0
2023-07-23 05:00:00+00:00,1.0,-1.0,2.0,0.0
2023-07-24 02:00:00+00:00,-1.0,1.0,2.0,0.0
2023-07-25 01:00:00+00:00,1.0,-1.0,2.0,0.0
2023-07-27 14:00:00+00:00,-1.0,1.0,2.0,0.0
2023-07-28 12:00:00+00:00,1.0,-1.0,2.0,0.0
2023-07-29 09:00:00+00:00,-1.0,1.0,2.0,0.0
2023-07-29 22:00:00+00:00,1.0,-1.0,2.0,0.0
2023-07-30 05:00:00+00:00,-1.0,1.0,2.0,0.0
2023-07-30 15:00:00+00:00,1.0,-1.0,2.0,0.0
2023-07-30 21:00:00+00:00,-1.0,1.0,2.0,0.0
2023-07-31 02:00:00+00:00,1.0,-1.0,2.0,0.0
2023-07-31 15:00:00+00:00,-1.0,1.0,2.0,0.0
2023-08-01 17:00:00+00:00,1.0,-1.0,2.0,0.0
2023-08-02 12:00:00+00:00,-1.0,1.0,2.0,0.0
2023-08-03 13:00:00+00:00,1.0,-1.0,2.0,0.0
2023-08-04 04:00:00+00:00,-1.0,1.0,2.0,0.0
2023-08-04 14:00:00+00:00,1.0,-1.0,2.0,0.0
2023-08-04 19:00:00+00:00,-1.0,1.0,2.0,0.0
2023-08-05 17:00:00+00:00,1.0,-1.0,2.0,0.0
2023-08-06 15:00:00+00:00,-1.0,1.0,2.0,0.0
2023-08-06 19:00:00+00:00,1.0,-1.0,2.0,0.0
2023-08-07 11:00:00+00:00,-1.0,1.0,2.0,0.0
2023-08-07 21:00:00+00:00,1.0,-1.0,2.0,0.0
2023-08-09 04:00:00+00:00,-1.0,1.0,2.0,0.0
2023-08-11 06:00:00+00:00,1.0,-1.0,2.0,0.0
2023-08-13 05:00:00+00:00,-1.0,1.0,2.0,0.0
2023-08-13 19:00:00+00:00,1.0,-1.0,2.0,0.0
2023-08-13 23:00:00+00:00,-1.0,1.0,2.0,0.0
2023-08-14 06:00:00+00:00,1.0,-1.0,2.0,0.0
2023-08-14 22:00:00+00:00,-1.0,1.0,2.0,0.0
2023-08-16 12:00:00+00:00,1.0,-1.0,2.0,0.0
2023-08-16 13:00:00+00:00,-1.0,1.0,2.0,0.0
2023-08-16 18:00:00+00:00,1.0,-1.0,2.0,0.0
2023-08-16 21:00:00+00:00,-1.0,1.0,2.0,0.0
2023-08-18 12:00:00+00:00,1.0,-1.0,2.0,0.0
2023-08-21 04:00:00+00:00,-1.0,1.0,2.0,0.0
2023-08-21 20:00:00+00:00,1.0,-1.0,2.0,0.0
2023-08-22 06:00:00+00:00,-1.0,1.0,2.0,0.0
2023-08-23 02:00:00+00:00,1.0,-1.0,2.0,0.0
2023-08-24 07:00:00+00:00,-1.0,1.0,2.0,0.0
2023-08-25 11:00:00+00:00,1.0,-1.0,2.0,0.0
2023-08-25 15:00:00+00:00,-1.0,1.0,2.0,0.0
2023-08-25 21:00:00+00:00,1.0,-1.0,2.0,0.0
2023-08-27 00:00:00+00:00,-1.0,1.0,2.0,0.0
2023-08-27 06:00:00+00:00,1.0,-1.0,2.0,0.0
2023-08-28 00:00:00+00:00,-1.0,1.0,2.0,0.0
2023-08-28 14:00:00+00:00,1.0,-1.0,2.0,0.0
2023-08-29 07:00:00+00:00,-1.0,1.0,2.0,0.0
2023-08-29 14:00:00+00:00,1.0,-1.0,2.0,0.0
2023-08-30 05:00:00+00:00,-1.0,1.0,2.0,0.0
2023-09-01 09:00:00+00:00,1.0,-1.0,2.0,0.0
2023-09-04 07:00:00+00:00,-1.0,1.0,2.0,0.0
2023-09-05 12:00:00+00:00,1.0,-1.0,2.0,0.0
2023-09-06 12:00:00+00:00,-1.0,1.0,2.0,0.0
2023-09-06 23:00:00+00:00,1.0,-1.0,2.0,0.0
2023-09-07 12:00:00+00:00,-1.0,1.0,2.0,0.0
2023-09-07 17:00:00+00:00,1.0,-1.0,2.0,0.0
2023-09-08 10:00:00+00:00,-1.0,1.0,2.0,0.0
2023-09-09 09:00:00+00:00,1.0,-1.0,2.0,0.0
2023-09-10 07:00:00+00:00,-1.0,1.0,2.0,0.0
2023-09-10 22:00:00+00:00,1.0,-1.0,2.0,0.0
2023-09-11 03:00:00+00:00,-1.0,1.0,2.0,0.0
2023-09-11 05:00:00+00:00,1.0,-1.0,2.0,0.0
2023-09-11 11:00:00+00:00,-1.0,1.0,2.0,0.0
2023-09-12 03:00:00+00:00,1.0,-1.0,2.0,0.0
2023-09-12 23:00:00+00:00,-1.0,1.0,2.0,0.0
2023-09-13 13:00:00+00:00,1.0,-1.0,2.0,0.0
2023-09-14 04:00:00+00:00,-1.0,1.0,2.0,0.0
2023-09-14 12:00:00+00:00,1.0,-1.0,2.0,0.0
2023-09-15 00:00:00+00:00,-1.0,1.0,2.0,0.0
2023-09-16 00:00:00+00:00,1.0,-1.0,2.0,0.0
2023-09-16 09:00:00+00:00,-1.0,1.0,2.0,0.0
2023-09-16 22:00:00+00:00,1.0,-1.0,2.0,0.0
2023-09-17 00:00:00+00:00,-1.0,1.0,2.0,0.0
2023-09-17 10:00:00+00:00,1.0,-1.0,2.0,0.0
2023-09-17 17:00:00+00:00,-1.0,1.0,2.0,0.0
2023-09-18 03:00:00+00:00,1.0,-1.0,2.0,0.0
2023-09-18 20:00:00+00:00,-1.0,1.0,2.0,0.0
2023-09-19 10:00:00+00:00,1.0,-1.0,2.0,0.0
2023-09-20 00:00:00+00:00,-1.0,1.0,2.0,0.0
2023-09-22 01:00:00+00:00,1.0,-1.0,2.0,0.0
2023-09-24 20:00:00+00:00,-1.0,1.0,2.0,0.0
2023-09-25 16:00:00+00:00,1.0,-1.0,2.0,0.0
2023-09-26 13:00:00+00:00,-1.0,1.0,2.0,0.0
2023-09-27 01:00:00+00:00,1.0,-1.0,2.0,0.0
2023-09-27 18:00:00+00:00,-1.0,1.0,2.0,0.0
2023-09-28 03:00:00+00:00,1.0,-1.0,2.0,0.0
2023-09-29 04:00:00+00:00,-1.0,1.0,2.0,0.0
2023-09-30 13:00:00+00:00,1.0,-1.0,2.0,0.0
2023-10-01 02:00:00+00:00,-1.0,1.0,2.0,0.0
2023-10-01 06:00:00+00:00,1.0,-1.0,2.0,0.0
2023-10-01 18:00:00+00:00,-1.0,1.0,2.0,0.0
2023-10-01 22:00:00+00:00,1.0,-1.0,2.0,0.0
2023-10-02 16:00:00+00:00,-1.0,1.0,2.0,0.0
2023-10-04 02:00:00+00:00,1.0,-1.0,2.0,0.0
2023-10-05 08:00:00+00:00,-1.0,1.0,2.0,0.0
2023-10-05 13:00:00+00:00,1.0,-1.0,2.0,0.0
2023-10-05 16:00:00+00:00,-1.0,1.0,2.0,0.0
2023-10-06 08:00:00+00:00,1.0,-1.0,2.0,0.0
2023-10-07 07:00:00+00:00,-1.0,1.0,2.0,0.0
2023-10-09 02:00:00+00:00,1.0,-1.0,2.0,0.0
2023-10-09 07:00:00+00:00,-1.0,1.0,2.0,0.0
2023-10-09 22:00:00+00:00,1.0,-1.0,2.0,0.0
2023-10-10 14:00:00+00:00,-1.0,1.0,2.0,0.0
2023-10-11 01:00:00+00:00,1.0,-1.0,2.0,0.0
2023-10-11 02:00:00+00:00,-1.0,1.0,2.0,0.0
2023-10-11 13:00:00+00:00,1.0,-1.0,2.0,0.0
2023-10-11 15:00:00+00:00,-1.0,1.0,2.0,0.0
2023-10-12 02:00:00+00:00,1.0,-1.0,2.0,0.0
2023-10-14 10:00:00+00:00,-1.0,1.0,2.0,0.0
2023-10-15 07:00:00+00:00,1.0,-1.0,2.0,0.0
2023-10-15 13:00:00+00:00,-1.0,1.0,2.0,0.0
2023-10-15 17:00:00+00:00,1.0,-1.0,2.0,0.0
2023-10-17 03:00:00+00:00,-1.0,1.0,2.0,0.0
2023-10-19 09:00:00+00:00,1.0,-1.0,2.0,0.0
2023-10-20 19:00:00+00:00,-1.0,1.0,2.0,0.0
2023-10-21 17:00:00+00:00,1.0,-1.0,2.0,0.0
2023-10-22 00:00:00+00:00,-1.0,1.0,2.0,0.0
2023-10-23 01:00:00+00:00,1.0,-1.0,2.0,0.0
2023-10-24 15:00:00+00:00,-1.0,1.0,2.0,0.0
2023-10-25 19:00:00+00:00,1.0,-1.0,2.0,0.0
2023-10-25 21:00:00+00:00,-1.0,1.0,2.0,0.0
2023-10-27 07:00:00+00:00,1.0,-1.0,2.0,0.0
2023-10-27 17:00:00+00:00,-1.0,1.0,2.0,0.0
2023-10-28 02:00:00+00:00,1.0,-1.0,2.0,0.0
2023-10-29 01:00:00+00:00,-1.0,1.0,2.0,0.0
2023-10-29 11:00:00+00:00,1.0,-1.0,2.0,0.0
2023-10-30 03:00:00+00:00,-1.0,1.0,2.0,0.0
2023-10-30 13:00:00+00:00,1.0,-1.0,2.0,0.0
2023-10-30 18:00:00+00:00,-1.0,1.0,2.0,0.0
2023-10-31 18:00:00+00:00,1.0,-1.0,2.0,0.0
2023-11-01 06:00:00+00:00,-1.0,1.0,2.0,0.0
2023-11-01 13:00:00+00:00,1.0,-1.0,2.0,0.0
2023-11-01 14:00:00+00:00,-1.0,1.0,2.0,0.0
2023-11-01 19:00:00+00:00,1.0,-1.0,2.0,0.0
2023-11-02 11:00:00+00:00,-1.0,1.0,2.0,0.0
2023-11-03 15:00:00+00:00,1.0,-1.0,2.0,0.0
2023-11-04 18:00:00+00:00,-1.0,1.0,2.0,0.0
2023-11-04 21:00:00+00:00,1.0,-1.0,2.0,0.0
2023-11-05 13:00:00+00:00,-1.0,1.0,2.0,0.0
2023-11-06 11:00:00+00:00,1.0,-1.0,2.0,0.0
2023-11-06 19:00:00+00:00,-1.0,1.0,2.0,0.0
2023-11-07 19:00:00+00:00,1.0,-1.0,2.0,0.0
2023-11-08 10:00:00+00:00,-1.0,1.0,2.0,0.0
2023-11-08 20:00:00+00:00,1.0,-1.0,2.0,0.0
2023-11-09 18:00:00+00:00,-1.0,1.0,2.0,0.0
2023-11-10 15:00:00+00:00,1.0,-1.0,2.0,0.0
2023-11-11 02:00:00+00:00,-1.0,1.0,2.0,0.0
2023-11-12 08:00:00+00:00,1.0,-1.0,2.0,0.0
2023-11-13 04:00:00+00:00,-1.0,1.0,2.0,0.0
2023-11-14 08:00:00+00:00,1.0,-1.0,2.0,0.0
2023-11-14 17:00:00+00:00,-1.0,1.0,2.0,0.0
2023-11-15 07:00:00+00:00,1.0,-1.0,2.0,0.0
2023-11-16 09:00:00+00:00,-1.0,1.0,2.0,0.0
2023-11-17 08:00:00+00:00,1.0,-1.0,2.0,0.0
2023-11-19 02:00:00+00:00,-1.0,1.0,2.0,0.0
2023-11-19 18:00:00+00:00,1.0,-1.0,2.0,0.0
2023-11-20 12:00:00+00:00,-1.0,1.0,2.0,0.0
2023-11-20 18:00:00+00:00,1.0,-1.0,2.0,0.0
2023-11-20 23:00:00+00:00,-1.0,1.0,2.0,0.0
2023-11-22 09:00:00+00:00,1.0,-1.0,2.0,0.0
2023-11-23 13:00:00+00:00,-1.0,1.0,2.0,0.0
2023-11-24 08:00:00+00:00,1.0,-1.0,2.0,0.0
2023-11-24 23:00:00+00:00,-1.0,1.0,2.0,0.0
2023-11-27 01:00:00+00:00,1.0,-1.0,2.0,0.0
2023-11-27 03:00:00+00:00,-1.0,1.0,2.0,0.0
2023-11-27 23:00:00+00:00,1.0,-1.0,2.0,0.0
2023-11-29 12:00:00+00:00,-1.0,1.0,2.0,0.0
2023-12-01 01:00:00+00:00,1.0,-1.0,2.0,0.0
2023-12-02 02:00:00+00:00,-1.0,1.0,2.0,0.0
2023-12-02 20:00:00+00:00,1.0,-1.0,2.0,0.0
2023-12-03 09:00:00+00:00,-1.0,1.0,2.0,0.0
2023-12-04 00:00:00+00:00,1.0,-1.0,2.0,0.0
2023-12-04 18:00:00+00:00,-1.0,1.0,2.0,0.0
2023-12-05 17:00:00+00:00,1.0,-1.0,2.0,0.0
2023-12-06 07:00:00+00:00,-1.0,1.0,2.0,0.0
2023-12-08 05:00:00+00:00,1.0,-1.0,2.0,0.0
2023-12-08 09:00:00+00:00,-1.0,1.0,2.0,0.0
2023-12-08 11:00:00+00:00,1.0,-1.0,2.0,0.0
2023-12-09 08:00:00+00:00,-1.0,1.0,2.0,0.0
2023-12-10 17:00:00+00:00,1.0,-1.0,2.0,0.0
2023-12-11 01:00:00+00:00,-1.0,1.0,2.0,0.0
2023-12-12 01:00:00+00:00,1.0,-1.0,2.0,0.0
2023-12-12 19:00:00+00:00,-1.0,1.0,2.0,0.0
2023-12-13 00:00:00+00:00,1.0,-1.0,2.0,0.0
2023-12-13 03:00:00+00:00,-1.0,1.0,2.0,0.0
2023-12-13 08:00:00+00:00,1.0,-1.0,2.0,0.0
2023-12-14 12:00:00+00:00,-1.0,1.0,2.0,0.0
2023-12-16 04:00:00+00:00,1.0,-1.0,2.0,0.0
2023-12-17 01:00:00+00:00,-1.0,1.0,2.0,0.0
2023-12-17 18:00:00+00:00,1.0,-1.0,2.0,0.0
2023-12-18 00:00:00+00:00,-1.0,1.0,2.0,0.0
2023-12-18 14:00:00+00:00,1.0,-1.0,2.0,0.0
2023-12-19 14:00:00+00:00,-1.0,1.0,2.0,0.0
2023-12-20 07:00:00+00:00,1.0,-1.0,2.0,0.0
2023-12-21 01:00:00+00:00,-1.0,1.0,2.0,0.0
2023-12-22 04:00:00+00:00,1.0,-1.0,2.0,0.0
2023-12-22 07:00:00+00:00,-1.0,1.0,2.0,0.0
2023-12-23 14:00:00+00:00,1.0,-1.0,2.0,0.0
2023-12-24 06:00:00+00:00,-1.0,1.0,2.0,0.0
2023-12-25 12:00:00+00:00,1.0,-1.0,2.0,0.0
2023-12-26 05:00:00+00:00,-1.0,1.0,2.0,0.0
2023-12-27 01:00:00+00:00,1.0,-1.0,2.0,0.0
2023-12-28 07:00:00+00:00,-1.0,1.0,2.0,0.0
2023-12-29 06:00:00+00:00,1.0,-1.0,2.0,0.0
2023-12-29 17:00:00+00:00,-1.0,1.0,2.0,0.0
2023-12-30 07:00:00+00:00,1.0,-1.0,2.0,0.0
2023-12-30 09:00:00+00:00,-1.0,1.0,2.0,0.0
2023-12-30 12:00:00+00:00,1.0,-1.0,2.0,0.0
2023-12-31 22:00:00+00:00,-1.0,1.0,2.0,0.0
2024-01-01 11:00:00+00:00,1.0,-1.0,2.0,0.0
2024-01-02 15:00:00+00:00,-1.0,1.0,2.0,0.0
2024-01-04 04:00:00+00:00,1.0,-1.0,2.0,0.0
2024-01-05 05:00:00+00:00,-1.0,1.0,2.0,0.0
2024-01-05 23:00:00+00:00,1.0,-1.0,2.0,0.0
2024-01-06 06:00:00+00:00,-1.0,1.0,2.0,0.0
2024-01-06 17:00:00+00:00,1.0,-1.0,2.0,0.0
2024-01-07 22:00:00+00:00,-1.0,1.0,2.0,0.0
2024-01-08 11:00:00+00:00,1.0,-1.0,2.0,0.0
2024-01-09 08:00:00+00:00,-1.0,1.0,2.0,0.0
2024-01-10 19:00:00+00:00,1.0,-1.0,2.0,0.0
2024-01-11 20:00:00+00:00,-1.0,1.0,2.0,0.0
2024-01-13 08:00:00+00:00,1.0,-1.0,2.0,0.0
2024-01-14 22:00:00+00:00,-1.0,1.0,2.0,0.0
2024-01-15 06:00:00+00:00,1.0,-1.0,2.0,0.0
2024-01-17 02:00:00+00:00,-1.0,1.0,2.0,0.0
2024-01-17 23:00:00+00:00,1.0,-1.0,2.0,0.0
2024-01-18 13:00:00+00:00,-1.0,1.0,2.0,0.0
2024-01-19 08:00:00+00:00,1.0,-1.0,2.0,0.0
2024-01-21 06:00:00+00:00,-1.0,1.0,2.0,0.0
2024-01-21 12:00:00+00:00,1.0,-1.0,2.0,0.0
2024-01-21 17:00:00+00:00,-1.0,1.0,2.0,0.0
2024-01-23 06:00:00+00:00,1.0,-1.0,2.0,0.0
2024-01-23 09:00:00+00:00,-1.0,1.0,2.0,0.0
2024-01-23 18:00:00+00:00,1.0,-1.0,2.0,0.0
2024-01-24 20:00:00+00:00,-1.0,1.0,2.0,0.0
2024-01-25 09:00:00+00:00,1.0,-1.0,2.0,0.0
2024-01-25 13:00:00+00:00,-1.0,1.0,2.0,0.0
2024-01-26 03:00:00+00:00,1.0,-1.0,2.0,0.0
2024-01-27 04:00:00+00:00,-1.0,1.0,2.0,0.0
2024-01-28 04:00:00+00:00,1.0,-1.0,2.0,0.0
2024-01-28 13:00:00+00:00,-1.0,1.0,2.0,0.0
2024-01-29 11:00:00+00:00,1.0,-1.0,2.0,0.0
2024-01-29 13:00:00+00:00,-1.0,1.0,2.0,0.0
2024-01-29 16:00:00+00:00,1.0,-1.0,2.0,0.0
2024-01-30 10:00:00+00:00,-1.0,1.0,2.0,0.0
2024-01-31 17:00:00+00:00,1.0,-1.0,2.0,0.0
2024-01-31 23:00:00+00:00,-1.0,1.0,2.0,0.0
2024-02-01 14:00:00+00:00,1.0,-1.0,2.0,0.0
2024-02-02 13:00:00+00:00,-1.0,1.0,2.0,0.0
2024-02-03 03:00:00+00:00,1.0,-1.0,2.0,0.0
2024-02-03 07:00:00+00:00,-1.0,1.0,2.0,0.0
2024-02-04 15:00:00+00:00,1.0,-1.0,2.0,0.0
2024-02-04 18:00:00+00:00,-1.0,1.0,2.0,0.0
2024-02-05 07:00:00+00:00,1.0,-1.0,2.0,0.0
2024-02-05 19:00:00+00:00,-1.0,1.0,2.0,0.0
2024-02-06 06:00:00+00:00,1.0,-1.0,2.0,0.0
2024-02-07 03:00:00+00:00,-1.0,1.0,2.0,0.0
2024-02-07 17:00:00+00:00,1.0,-1.0,2.0,0.0
2024-02-08 23:00:00+00:00,-1.0,1.0,2.0,0.0
2024-02-09 03:00:00+00:00,1.0,-1.0,2.0,0.0
2024-02-09 23:00:00+00:00,-1.0,1.0,2.0,0.0
2024-02-10 22:00:00+00:00,1.0,-1.0,2.0,0.0
2024-02-11 14:00:00+00:00,-1.0,1.0,2.0,0.0
2024-02-12 15:00:00+00:00,1.0,-1.0,2.0,0.0
2024-02-13 08:00:00+00:00,-1.0,1.0,2.0,0.0
2024-02-14 06:00:00+00:00,1.0,-1.0,2.0,0.0
2024-02-15 05:00:00+00:00,-1.0,1.0,2.0,0.0
2024-02-16 13:00:00+00:00,1.0,-1.0,2.0,0.0
2024-02-16 15:00:00+00:00,-1.0,1.0,2.0,0.0
2024-02-17 23:00:00+00:00,1.0,-1.0,2.0,0.0
2024-02-19 15:00:00+00:00,-1.0,1.0,2.0,0.0
2024-02-20 11:00:00+00:00,1.0,-1.0,2.0,0.0
2024-02-20 17:00:00+00:00,-1.0,1.0,2.0,0.0
2024-02-20 22:00:00+00:00,1.0,-1.0,2.0,0.0
2024-02-21 07:00:00+00:00,-1.0,1.0,2.0,0.0
2024-02-21 23:00:00+00:00,1.0,-1.0,2.0,0.0
2024-02-23 00:00:00+00:00,-1.0,1.0,2.0,0.0
2024-02-23 19:00:00+00:00,1.0,-1.0,2.0,0.0
2024-02-23 23:00:00+00:00,-1.0,1.0,2.0,0.0
2024-02-24 06:00:00+00:00,1.0,-1.0,2.0,0.0
2024-02-25 11:00:00+00:00,-1.0,1.0,2.0,0.0
2024-02-26 16:00:00+00:00,1.0,-1.0,2.0,0.0
2024-02-27 17:00:00+00:00,-1.0,1.0,2.0,0.0
2024-02-28 10:00:00+00:00,1.0,-1.0,2.0,0.0
2024-02-29 02:00:00+00:00,-1.0,1.0,2.0,0.0
2024-03-01 12:00:00+00:00,1.0,-1.0,2.0,0.0
2024-03-01 17:00:00+00:00,-1.0,1.0,2.0,0.0
2024-03-01 18:00:00+00:00,1.0,-1.0,2.0,0.0
2024-03-02 04:00:00+00:00,-1.0,1.0,2.0,0.0
2024-03-03 04:00:00+00:00,1.0,-1.0,2.0,0.0
2024-03-03 08:00:00+00:00,-1.0,1.0,2.0,0.0
2024-03-03 13:00:00+00:00,1.0,-1.0,2.0,0.0
2024-03-05 05:00:00+00:00,-1.0,1.0,2.0,0.0
2024-03-06 07:00:00+00:00,1.0,-1.0,2.0,0.0
2024-03-07 01:00:00+00:00,-1.0,1.0,2.0,0.0
2024-03-07 13:00:00+00:00,1.0,-1.0,2.0,0.0
2024-03-08 01:00:00+00:00,-1.0,1.0,2.0,0.0
2024-03-08 14:00:00+00:00,1.0,-1.0,2.0,0.0
2024-03-09 02:00:00+00:00,-1.0,1.0,2.0,0.0
2024-03-10 02:00:00+00:00,1.0,-1.0,2.0,0.0
2024-03-10 17:00:00+00:00,-1.0,1.0,2.0,0.0
2024-03-11 08:00:00+00:00,1.0,-1.0,2.0,0.0
2024-03-12 02:00:00+00:00,-1.0,1.0,2.0,0.0
2024-03-13 04:00:00+00:00,1.0,-1.0,2.0,0.0
2024-03-14 00:00:00+00:00,-1.0,1.0,2.0,0.0
2024-03-15 16:00:00+00:00,1.0,-1.0,2.0,0.0
2024-03-16 14:00:00+00:00,-1.0,1.0,2.0,0.0
2024-03-17 10:00:00+00:00,1.0,-1.0,2.0,0.0
2024-03-18 13:00:00+00:00,-1.0,1.0,2.0,0.0
2024-03-19 18:00:00+00:00,1.0,-1.0,2.0,0.0
2024-03-20 01:00:00+00:00,-1.0,1.0,2.0,0.0
2024-03-20 09:00:00+00:00,1.0,-1.0,2.0,0.0
2024-03-21 11:00:00+00:00,-1.0,1.0,2.0,0.0
2024-03-23 02:00:00+00:00,1.0,-1.0,2.0,0.0
2024-03-24 01:00:00+00:00,-1.0,1.0,2.0,0.0
2024-03-24 11:00:00+00:00,1.0,-1.0,2.0,0.0
2024-03-25 11:00:00+00:00,-1.0,1.0,2.0,0.0
2024-03-25 14:00:00+00:00,1.0,-1.0,2.0,0.0
2024-03-26 04:00:00+00:00,-1.0,1.0,2.0,0.0
2024-03-28 04:00:00+00:00,1.0,-1.0,2.0,0.0
2024-03-29 00:00:00+00:00,-1.0,1.0,2.0,0.0
2024-03-30 02:00:00+00:00,1.0,-1.0,2.0,0.0
2024-03-30 22:00:00+00:00,-1.0,1.0,2.0,0.0
2024-03-31 05:00:00+00:00,1.0,-1.0,2.0,0.0
2024-04-01 05:00:00+00:00,-1.0,1.0,2.0,0.0
2024-04-01 23:00:00+00:00,1.0,-1.0,2.0,0.0
2024-04-02 03:00:00+00:00,-1.0,1.0,2.0,0.0
2024-04-02 20:00:00+00:00,1.0,-1.0,2.0,0.0
2024-04-04 05:00:00+00:00,-1.0,1.0,2.0,0.0
2024-04-04 08:00:00+00:00,1.0,-1.0,2.0,0.0
2024-04-05 04:00:00+00:00,-1.0,1.0,2.0,0.0
2024-04-05 23:00:00+00:00,1.0,-1.0,2.0,0.0
2024-04-06 12:00:00+00:00,-1.0,1.0,2.0,0.0
2024-04-06 18:00:00+00:00,1.0,-1.0,2.0,0.0
2024-04-07 13:00:00+00:00,-1.0,1.0,2.0,0.0
2024-04-07 17:00:00+00:00,1.0,-1.0,2.0,0.0
2024-04-07 18:00:00+00:00,-1.0,1.0,2.0,0.0
2024-04-08 08:00:00+00:00,1.0,-1.0,2.0,0.0
2024-04-08 21:00:00+00:00,-1.0,1.0,2.0,0.0
2024-04-10 06:00:00+00:00,1.0,-1.0,2.0,0.0
2024-04-10 15:00:00+00:00,-1.0,1.0,2.0,0.0
2024-04-10 16:00:00+00:00,1.0,-1.0,2.0,0.0
2024-04-11 14:00:00+00:00,-1.0,1.0,2.0,0.0
2024-04-12 04:00:00+00:00,1.0,-1.0,2.0,0.0
2024-04-12 13:00:00+00:00,-1.0,1.0,2.0,0.0
2024-04-13 08:00:00+00:00,1.0,-1.0,2.0,0.0
2024-04-13 20:00:00+00:00,-1.0,1.0,2.0,0.0
2024-04-14 08:00:00+00:00,1.0,-1.0,2.0,0.0
2024-04-15 16:00:00+00:00,-1.0,1.0,2.0,0.0
2024-04-16 12:00:00+00:00,1.0,-1.0,2.0,0.0
2024-04-16 15:00:00+00:00,-1.0,1.0,2.0,0.0
2024-04-16 18:00:00+00:00,1.0,-1.0,2.0,0.0
2024-04-17 11:00:00+00:00,-1.0,1.0,2.0,0.0
2024-04-18 03:00:00+00:00,1.0,-1.0,2.0,0.0
2024-04-19 02:00:00+00:00,-1.0,1.0,2.0,0.0
2024-04-19 08:00:00+00:00,1.0,-1.0,2.0,0.0
2024-04-19 20:00:00+00:00,-1.0,1.0,2.0,0.0
2024-04-20 16:00:00+00:00,1.0,-1.0,2.0,0.0
2024-04-21 09:00:00+00:00,-1.0,1.0,2.0,0.0
2024-04-22 04:00:00+00:00,1.0,-1.0,2.0,0.0
2024-04-23 04:00:00+00:00,-1.0,1.0,2.0,0.0
2024-04-24 05:00:00+00:00,1.0,-1.0,2.0,0.0
2024-04-24 09:00:00+00:00,-1.0,1.0,2.0,0.0
2024-04-25 08:00:00+00:00,1.0,-1.0,2.0,0.0
2024-04-25 14:00:00+00:00,-1.0,1.0,2.0,0.0
2024-04-25 15:00:00+00:00,1.0,-1.0,2.0,0.0
2024-04-26 14:00:00+00:00,-1.0,1.0,2.0,0.0
2024-04-27 14:00:00+00:00,1.0,-1.0,2.0,0.0
2024-04-28 15:00:00+00:00,-1.0,1.0,2.0,0.0
2024-04-29 16:00:00+00:00,1.0,-1.0,2.0,0.0
2024-04-30 09:00:00+00:00,-1.0,1.0,2.0,0.0
2024-05-01 04:00:00+00:00,1.0,-1.0,2.0,0.0
2024-05-01 07:00:00+00:00,-1.0,1.0,2.0,0.0
2024-05-01 19:00:00+00:00,1.0,-1.0,2.0,0.0
2024-05-03 10:00:00+00:00,-1.0,1.0,2.0,0.0
2024-05-03 13:00:00+00:00,1.0,-1.0,2.0,0.0
2024-05-04 08:00:00+00:00,-1.0,1.0,2.0,0.0
2024-05-05 16:00:00+00:00,1.0,-1.0,2.0,0.0
2024-05-05 20:00:00+00:00,-1.0,1.0,2.0,0.0
2024-05-06 08:00:00+00:00,1.0,-1.0,2.0,0.0
2024-05-06 13:00:00+00:00,-1.0,1.0,2.0,0.0
2024-05-07 07:00:00+00:00,1.0,-1.0,2.0,0.0
2024-05-07 18:00:00+00:00,-1.0,1.0,2.0,0.0
2024-05-08 15:00:00+00:00,1.0,-1.0,2.0,0.0
2024-05-08 21:00:00+00:00,-1.0,1.0,2.0,0.0
2024-05-09 08:00:00+00:00,1.0,-1.0,2.0,0.0
2024-05-09 10:00:00+00:00,-1.0,1.0,2.0,0.0
2024-05-09 13:00:00+00:00,1.0,-1.0,2.0,0.0
2024-05-10 14:00:00+00:00,-1.0,1.0,2.0,0.0
2024-05-11 08:00:00+00:00,1.0,-1.0,2.0,0.0
2024-05-13 04:00:00+00:00,-1.0,1.0,2.0,0.0
2024-05-13 08:00:00+00:00,1.0,-1.0,2.0,0.0
2024-05-14 00:00:00+00:00,-1.0,1.0,2.0,0.0
2024-05-15 03:00:00+00:00,1.0,-1.0,2.0,0.0
2024-05-16 07:00:00+00:00,-1.0,1.0,2.0,0.0
2024-05-17 09:00:00+00:00,1.0,-1.0,2.0,0.0
2024-05-18 02:00:00+00:00,-1.0,1.0,2.0,0.0
2024-05-19 07:00:00+00:00,1.0,-1.0,2.0,0.0
2024-05-19 13:00:00+00:00,-1.0,1.0,2.0,0.0
2024-05-20 05:00:00+00:00,1.0,-1.0,2.0,0.0
2024-05-21 12:00:00+00:00,-1.0,1.0,2.0,0.0
2024-05-22 17:00:00+00:00,1.0,-1.0,2.0,0.0
2024-05-22 18:00:00+00:00,-1.0,1.0,2.0,0.0
2024-05-23 09:00:00+00:00,1.0,-1.0,2.0,0.0
2024-05-23 13:00:00+00:00,-1.0,1.0,2.0,0.0
2024-05-24 05:00:00+00:00,1.0,-1.0,2.0,0.0
2024-05-24 06:00:00+00:00,-1.0,1.0,2.0,0.0
2024-05-24 10:00:00+00:00,1.0,-1.0,2.0,0.0
2024-05-25 17:00:00+00:00,-1.0,1.0,2.0,0.0
2024-05-27 14:00:00+00:00,1.0,-1.0,2.0,0.0
2024-05-28 02:00:00+00:00,-1.0,1.0,2.0,0.0
2024-05-28 21:00:00+00:00,1.0,-1.0,2.0,0.0
2024-05-29 10:00:00+00:00,-1.0,1.0,2.0,0.0
2024-05-30 02:00:00+00:00,1.0,-1.0,2.0,0.0
2024-05-31 03:00:00+00:00,-1.0,1.0,2.0,0.0
2024-06-01 04:00:00+00:00,1.0,-1.0,2.0,0.0
2024-06-02 09:00:00+00:00,-1.0,1.0,2.0,0.0
2024-06-02 12:00:00+00:00,1.0,-1.0,2.0,0.0
2024-06-02 21:00:00+00:00,-1.0,1.0,2.0,0.0
2024-06-03 02:00:00+00:00,1.0,-1.0,2.0,0.0
2024-06-03 21:00:00+00:00,-1.0,1.0,2.0,0.0
2024-06-04 15:00:00+00:00,1.0,-1.0,2.0,0.0
2024-06-05 10:00:00+00:00,-1.0,1.0,2.0,0.0
2024-06-07 06:00:00+00:00,1.0,-1.0,2.0,0.0
2024-06-07 17:00:00+00:00,-1.0,1.0,2.0,0.0
2024-06-08 10:00:00+00:00,1.0,-1.0,2.0,0.0
2024-06-10 07:00:00+00:00,-1.0,1.0,2.0,0.0
2024-06-10 16:00:00+00:00,1.0,-1.0,2.0,0.0
2024-06-10 23:00:00+00:00,-1.0,1.0,2.0,0.0
2024-06-11 21:00:00+00:00,1.0,-1.0,2.0,0.0
2024-06-12 23:00:00+00:00,-1.0,1.0,2.0,0.0
2024-06-14 04:00:00+00:00,1.0,-1.0,2.0,0.0
2024-06-14 17:00:00+00:00,-1.0,1.0,2.0,0.0
2024-06-15 03:00:00+00:00,1.0,-1.0,2.0,0.0
2024-06-17 02:00:00+00:00,-1.0,1.0,2.0,0.0
2024-06-17 19:00:00+00:00,1.0,-1.0,2.0,0.0
2024-06-18 03:00:00+00:00,-1.0,1.0,2.0,0.0
2024-06-18 23:00:00+00:00,1.0,-1.0,2.0,0.0
2024-06-19 17:00:00+00:00,-1.0,1.0,2.0,0.0
2024-06-20 02:00:00+00:00,1.0,-1.0,2.0,0.0
2024-06-20 16:00:00+00:00,-1.0,1.0,2.0,0.0
2024-06-21 20:00:00+00:00,1.0,-1.0,2.0,0.0
2024-06-23 12:00:00+00:00,-1.0,1.0,2.0,0.0
2024-06-25 02:00:00+00:00,1.0,-1.0,2.0,0.0
2024-06-26 08:00:00+00:00,-1.0,1.0,2.0,0.0
2024-06-27 10:00:00+00:00,1.0,-1.0,2.0,0.0
2024-06-28 07:00:00+00:00,-1.0,1.0,2.0,0.0
2024-06-29 05:00:00+00:00,1.0,-1.0,2.0,0.0
2024-06-30 04:00:00+00:00,-1.0,1.0,2.0,0.0
2024-06-30 07:00:00+00:00,1.0,-1.0,2.0,0.0
2024-07-01 11:00:00+00:00,-1.0,1.0,2.0,0.0
2024-07-03 22:00:00+00:00,1.0,-1.0,2.0,0.0
2024-07-04 03:00:00+00:00,-1.0,1.0,2.0,0.0
2024-07-04 18:00:00+00:00,1.0,-1.0,2.0,0.0
2024-07-05 03:00:00+00:00,-1.0,1.0,2.0,0.0
2024-07-05 14:00:00+00:00,1.0,-1.0,2.0,0.0
2024-07-07 06:00:00+00:00,-1.0,1.0,2.0,0.0
2024-07-08 09:00:00+00:00,1.0,-1.0,2.0,0.0
2024-07-10 03:00:00+00:00,-1.0,1.0,2.0,0.0
2024-07-10 04:00:00+00:00,1.0,-1.0,2.0,0.0
2024-07-10 13:00:00+00:00,-1.0,1.0,2.0,0.0
2024-07-11 07:00:00+00:00,1.0,-1.0,2.0,0.0
2024-07-11 17:00:00+00:00,-1.0,1.0,2.0,0.0
2024-07-12 13:00:00+00:00,1.0,-1.0,2.0,0.0
2024-07-14 14:00:00+00:00,-1.0,1.0,2.0,0.0
2024-07-14 23:00:00+00:00,1.0,-1.0,2.0,0.0
2024-07-15 17:00:00+00:00,-1.0,1.0,2.0,0.0
2024-07-15 23:00:00+00:00,1.0,-1.0,2.0,0.0
2024-07-16 05:00:00+00:00,-1.0,1.0,2.0,0.0
2024-07-16 19:00:00+00:00,1.0,-1.0,2.0,0.0
2024-07-17 10:00:00+00:00,-1.0,1.0,2.0,0.0
2024-07-18 08:00:00+00:00,1.0,-1.0,2.0,0.0
2024-07-18 14:00:00+00:00,-1.0,1.0,2.0,0.0
2024-07-19 04:00:00+00:00,1.0,-1.0,2.0,0.0
2024-07-20 07:00:00+00:00,-1.0,1.0,2.0,0.0
2024-07-21 21:00:00+00:00,1.0,-1.0,2.0,0.0
2024-07-22 07:00:00+00:00,-1.0,1.0,2.0,0.0
2024-07-22 22:00:00+00:00,1.0,-1.0,2.0,0.0
2024-07-23 04:00:00+00:00,-1.0,1.0,2.0,0.0
2024-07-24 05:00:00+00:00,1.0,-1.0,2.0,0.0
2024-07-24 22:00:00+00:00,-1.0,1.0,2.0,0.0
2024-07-25 15:00:00+00:00,1.0,-1.0,2.0,0.0
2024-07-26 20:00:00+00:00,-1.0,1.0,2.0,0.0
2024-07-27 14:00:00+00:00,1.0,-1.0,2.0,0.0
2024-07-27 19:00:00+00:00,-1.0,1.0,2.0,0.0
2024-07-28 19:00:00+00:00,1.0,-1.0,2.0,0.0
2024-07-29 15:00:00+00:00,-1.0,1.0,2.0,0.0
2024-07-30 12:00:00+00:00,1.0,-1.0,2.0,0.0
2024-07-30 18:00:00+00:00,-1.0,1.0,2.0,0.0
2024-07-30 19:00:00+00:00,1.0,-1.0,2.0,0.0
2024-07-31 21:00:00+00:00,-1.0,1.0,2.0,0.0
2024-08-01 12:00:00+00:00,1.0,-1.0,2.0,0.0
2024-08-01 17:00:00+00:00,-1.0,1.0,2.0,0.0
2024-08-01 21:00:00+00:00,1.0,-1.0,2.0,0.0
2024-08-02 16:00:00+00:00,-1.0,1.0,2.0,0.0
2024-08-03 10:00:00+00:00,1.0,-1.0,2.0,0.0
2024-08-03 19:00:00+00:00,-1.0,1.0,2.0,0.0
2024-08-04 01:00:00+00:00,1.0,-1.0,2.0,0.0
2024-08-04 16:00:00+00:00,-1.0,1.0,2.0,0.0
2024-08-05 16:00:00+00:00,1.0,-1.0,2.0,0.0
2024-08-07 13:00:00+00:00,-1.0,1.0,2.0,0.0
2024-08-08 04:00:00+00:00,1.0,-1.0,2.0,0.0
2024-08-09 08:00:00+00:00,-1.0,1.0,2.0,0.0
2024-08-10 21:00:00+00:00,1.0,-1.0,2.0,0.0
2024-08-11 10:00:00+00:00,-1.0,1.0,2.0,0.0
2024-08-12 11:00:00+00:00,1.0,-1.0,2.0,0.0
2024-08-13 11:00:00+00:00,-1.0,1.0,2.0,0.0
2024-08-13 14:00:00+00:00,1.0,-1.0,2.0,0.0
2024-08-14 10:00:00+00:00,-1.0,1.0,2.0,0.0
2024-08-15 12:00:00+00:00,1.0,-1.0,2.0,0.0
2024-08-15 21:00:00+00:00,-1.0,1.0,2.0,0.0
2024-08-16 05:00:00+00:00,1.0,-1.0,2.0,0.0
2024-08-17 11:00:00+00:00,-1.0,1.0,2.0,0.0
2024-08-18 10:00:00+00:00,1.0,-1.0,2.0,0.0
2024-08-18 17:00:00+00:00,-1.0,1.0,2.0,0.0
2024-08-19 17:00:00+00:00,1.0,-1.0,2.0,0.0
2024-08-20 15:00:00+00:00,-1.0,1.0,2.0,0.0
2024-08-21 10:00:00+00:00,1.0,-1.0,2.0,0.0
2024-08-22 08:00:00+00:00,-1.0,1.0,2.0,0.0
2024-08-22 11:00:00+00:00,1.0,-1.0,2.0,0.0
2024-08-22 13:00:00+00:00,-1.0,1.0,2.0,0.0
2024-08-23 06:00:00+00:00,1.0,-1.0,2.0,0.0
2024-08-24 10:00:00+00:00,-1.0,1.0,2.0,0.0
2024-08-25 23:00:00+00:00,1.0,-1.0,2.0,0.0
2024-08-26 01:00:00+00:00,-1.0,1.0,2.0,0.0
2024-08-28 11:00:00+00:00,1.0,-1.0,2.0,0.0
2024-08-29 22:00:00+00:00,-1.0,1.0,2.0,0.0
2024-08-30 11:00:00+00:00,1.0,-1.0,2.0,0.0
2024-08-30 15:00:00+00:00,-1.0,1.0,2.0,0.0
2024-08-30 23:00:00+00:00,1.0,-1.0,2.0,0.0
2024-08-31 17:00:00+00:00,-1.0,1.0,2.0,0.0
2024-09-01 18:00:00+00:00,1.0,-1.0,2.0,0.0
2024-09-02 00:00:00+00:00,-1.0,1.0,2.0,0.0
2024-09-02 08:00:00+00:00,1.0,-1.0,2.0,0.0
2024-09-03 09:00:00+00:00,-1.0,1.0,2.0,0.0
2024-09-04 14:00:00+00:00,1.0,-1.0,2.0,0.0
2024-09-05 06:00:00+00:00,-1.0,1.0,2.0,0.0
2024-09-06 03:00:00+00:00,1.0,-1.0,2.0,0.0
2024-09-06 14:00:00+00:00,-1.0,1.0,2.0,0.0
2024-09-07 05:00:00+00:00,1.0,-1.0,2.0,0.0
2024-09-08 16:00:00+00:00,-1.0,1.0,2.0,0.0
2024-09-08 20:00:00+00:00,1.0,-1.0,2.0,0.0
2024-09-10 06:00:00+00:00,-1.0,1.0,2.0,0.0
2024-09-11 18:00:00+00:00,1.0,-1.0,2.0,0.0
2024-09-12 13:00:00+00:00,-1.0,1.0,2.0,0.0
2024-09-13 15:00:00+00:00,1.0,-1.0,2.0,0.0
2024-09-14 08:00:00+00:00,-1.0,1.0,2.0,0.0
2024-09-17 00:00:00+00:00,1.0,-1.0,2.0,0.0
2024-09-18 05:00:00+00:00,-1.0,1.0,2.0,0.0
2024-09-18 23:00:00+00:00,1.0,-1.0,2.0,0.0
2024-09-19 22:00:00+00:00,-1.0,1.0,2.0,0.0
2024-09-21 14:00:00+00:00,1.0,-1.0,2.0,0.0
2024-09-22 02:00:00+00:00,-1.0,1.0,2.0,0.0
2024-09-22 20:00:00+00:00,1.0,-1.0,2.0,0.0
2024-09-23 12:00:00+00:00,-1.0,1.0,2.0,0.0
2024-09-24 09:00:00+00:00,1.0,-1.0,2.0,0.0
2024-09-25 08:00:00+00:00,-1.0,1.0,2.0,0.0
2024-09-26 06:00:00+00:00,1.0,-1.0,2.0,0.0
2024-09-27 13:00:00+00:00,-1.0,1.0,2.0,0.0
2024-09-27 14:00:00+00:00,1.0,-1.0,2.0,0.0
2024-09-27 19:00:00+00:00,-1.0,1.0,2.0,0.0
2024-09-29 03:00:00+00:00,1.0,-1.0,2.0,0.0
2024-09-29 06:00:00+00:00,-1.0,1.0,2.0,0.0
2024-09-29 16:00:00+00:00,1.0,-1.0,2.0,0.0
2024-09-30 01:00:00+00:00,-1.0,1.0,2.0,0.0
2024-10-01 00:00:00+00:00,1.0,-1.0,2.0,0.0
2024-10-01 16:00:00+00:00,-1.0,1.0,2.0,0.0
2024-10-02 06:00:00+00:00,1.0,-1.0,2.0,0.0
2024-10-03 14:00:00+00:00,-1.0,1.0,2.0,0.0
2024-10-03 19:00:00+00:00,1.0,-1.0,2.0,0.0
2024-10-05 04:00:00+00:00,-1.0,1.0,2.0,0.0
2024-10-06 11:00:00+00:00,1.0,-1.0,2.0,0.0
2024-10-07 12:00:00+00:00,-1.0,1.0,2.0,0.0
2024-10-09 04:00:00+00:00,1.0,-1.0,2.0,0.0
2024-10-09 13:00:00+00:00,-1.0,1.0,2.0,0.0
2024-10-10 08:00:00+00:00,1.0,-1.0,2.0,0.0
2024-10-10 18:00:00+00:00,-1.0,1.0,2.0,0.0
2024-10-11 01:00:00+00:00,1.0,-1.0,2.0,0.0
2024-10-12 06:00:00+00:00,-1.0,1.0,2.0,0.0
2024-10-13 23:00:00+00:00,1.0,-1.0,2.0,0.0
2024-10-15 02:00:00+00:00,-1.0,1.0,2.0,0.0
2024-10-15 18:00:00+00:00,1.0,-1.0,2.0,0.0
2024-10-16 07:00:00+00:00,-1.0,1.0,2.0,0.0
2024-10-16 12:00:00+00:00,1.0,-1.0,2.0,0.0
2024-10-16 15:00:00+00:00,-1.0,1.0,2.0,0.0
2024-10-18 01:00:00+00:00,1.0,-1.0,2.0,0.0
2024-10-19 01:00:00+00:00,-1.0,1.0,2.0,0.0
2024-10-20 09:00:00+00:00,1.0,-1.0,2.0,0.0
2024-10-21 08:00:00+00:00,-1.0,1.0,2.0,0.0
2024-10-22 06:00:00+00:00,1.0,-1.0,2.0,0.0
2024-10-23 07:00:00+00:00,-1.0,1.0,2.0,0.0
2024-10-23 23:00:00+00:00,1.0,-1.0,2.0,0.0
2024-10-25 05:00:00+00:00,-1.0,1.0,2.0,0.0
2024-10-26 09:00:00+00:00,1.0,-1.0,2.0,0.0
2024-10-28 05:00:00+00:00,-1.0,1.0,2.0,0.0
2024-10-28 07:00:00+00:00,1.0,-1.0,2.0,0.0
2024-10-30 00:00:00+00:00,-1.0,1.0,2.0,0.0
2024-11-01 11:00:00+00:00,1.0,-1.0,2.0,0.0
2024-11-03 02:00:00+00:00,-1.0,1.0,2.0,0.0
2024-11-03 19:00:00+00:00,1.0,-1.0,2.0,0.0
2024-11-04 15:00:00+00:00,-1.0,1.0,2.0,0.0
2024-11-05 05:00:00+00:00,1.0,-1.0,2.0,0.0
2024-11-06 18:00:00+00:00,-1.0,1.0,2.0,0.0
2024-11-06 20:00:00+00:00,1.0,-1.0,2.0,0.0
2024-11-07 00:00:00+00:00,-1.0,1.0,2.0,0.0
2024-11-07 20:00:00+00:00,1.0,-1.0,2.0,0.0
2024-11-07 23:00:00+00:00,-1.0,1.0,2.0,0.0
2024-11-08 20:00:00+00:00,1.0,-1.0,2.0,0.0
2024-11-09 01:00:00+00:00,-1.0,1.0,2.0,0.0
2024-11-10 01:00:00+00:00,1.0,-1.0,2.0,0.0
2024-11-10 22:00:00+00:00,-1.0,1.0,2.0,0.0
2024-11-11 02:00:00+00:00,1.0,-1.0,2.0,0.0
2024-11-11 07:00:00+00:00,-1.0,1.0,2.0,0.0
2024-11-11 12:00:00+00:00,1.0,-1.0,2.0,0.0
2024-11-12 10:00:00+00:00,-1.0,1.0,2.0,0.0
2024-11-13 15:00:00+00:00,1.0,-1.0,2.0,0.0
2024-11-14 01:00:00+00:00,-1.0,1.0,2.0,0.0
2024-11-15 10:00:00+00:00,1.0,-1.0,2.0,0.0
2024-11-16 12:00:00+00:00,-1.0,1.0,2.0,0.0
2024-11-17 12:00:00+00:00,1.0,-1.0,2.0,0.0
2024-11-17 14:00:00+00:00,-1.0,1.0,2.0,0.0
2024-11-18 04:00:00+00:00,1.0,-1.0,2.0,0.0
2024-11-18 23:00:00+00:00,-1.0,1.0,2.0,0.0
2024-11-19 05:00:00+00:00,1.0,-1.0,2.0,0.0
2024-11-20 00:00:00+00:00,-1.0,1.0,2.0,0.0
2024-11-20 10:00:00+00:00,1.0,-1.0,2.0,0.0
2024-11-21 17:00:00+00:00,-1.0,1.0,2.0,0.0
2024-11-24 05:00:00+00:00,1.0,-1.0,2.0,0.0
2024-11-24 11:00:00+00:00,-1.0,1.0,2.0,0.0
2024-11-25 00:00:00+00:00,1.0,-1.0,2.0,0.0
2024-11-25 15:00:00+00:00,-1.0,1.0,2.0,0.0
2024-11-26 17:00:00+00:00,1.0,-1.0,2.0,0.0
2024-11-26 21:00:00+00:00,-1.0,1.0,2.0,0.0
2024-11-27 01:00:00+00:00,1.0,-1.0,2.0,0.0
2024-11-28 05:00:00+00:00,-1.0,1.0,2.0,0.0
2024-11-29 02:00:00+00:00,1.0,-1.0,2.0,0.0
2024-11-30 00:00:00+00:00,-1.0,1.0,2.0,0.0
2024-11-30 21:00:00+00:00,1.0,-1.0,2.0,0.0
2024-11-30 22:00:00+00:00,-1.0,1.0,2.0,0.0
2024-12-01 09:00:00+00:00,1.0,-1.0,2.0,0.0
2024-12-02 05:00:00+00:00,-1.0,1.0,2.0,0.0
2024-12-03 00:00:00+00:00,1.0,-1.0,2.0,0.0
2024-12-03 11:00:00+00:00,-1.0,1.0,2.0,0.0
2024-12-03 18:00:00+00:00,1.0,-1.0,2.0,0.0
2024-12-04 15:00:00+00:00,-1.0,1.0,2.0,0.0
2024-12-04 20:00:00+00:00,1.0,-1.0,2.0,0.0
2024-12-05 16:00:00+00:00,-1.0,1.0,2.0,0.0
2024-12-06 14:00:00+00:00,1.0,-1.0,2.0,0.0
2024-12-07 05:00:00+00:00,-1.0,1.0,2.0,0.0
2024-12-07 20:00:00+00:00,1.0,-1.0,2.0,0.0
2024-12-08 06:00:00+00:00,-1.0,1.0,2.0,0.0
2024-12-08 15:00:00+00:00,1.0,-1.0,2.0,0.0
2024-12-09 03:00:00+00:00,-1.0,1.0,2.0,0.0
2024-12-10 07:00:00+00:00,1.0,-1.0,2.0,0.0
2024-12-10 17:00:00+00:00,-1.0,1.0,2.0,0.0
2024-12-10 23:00:00+00:00,1.0,-1.0,2.0,0.0
2024-12-12 06:00:00+00:00,-1.0,1.0,2.0,0.0
2024-12-13 13:00:00+00:00,1.0,-1.0,2.0,0.0
2024-12-14 10:00:00+00:00,-1.0,1.0,2.0,0.0
2024-12-15 04:00:00+00:00,1.0,-1.0,2.0,0.0
2024-12-16 11:00:00+00:00,-1.0,1.0,2.0,0.0
2024-12-16 17:00:00+00:00,1.0,-1.0,2.0,0.0
2024-12-17 01:00:00+00:00,-1.0,1.0,2.0,0.0
2024-12-18 18:00:00+00:00,1.0,-1.0,2.0,0.0
2024-12-18 20:00:00+00:00,-1.0,1.0,2.0,0.0
2024-12-19 09:00:00+00:00,1.0,-1.0,2.0,0.0
2024-12-19 19:00:00+00:00,-1.0,1.0,2.0,0.0
2024-12-20 16:00:00+00:00,1.0,-1.0,2.0,0.0
2024-12-21 16:00:00+00:00,-1.0,1.0,2.0,0.0
2024-12-22 12:00:00+00:00,1.0,-1.0,2.0,0.0
2024-12-22 14:00:00+00:00,-1.0,1.0,2.0,0.0
2024-12-23 05:00:00+00:00,1.0,-1.0,2.0,0.0
2024-12-23 16:00:00+00:00,-1.0,1.0,2.0,0.0
2024-12-24 01:00:00+00:00,1.0,-1.0,2.0,0.0
2024-12-25 07:00:00+00:00,-1.0,1.0,2.0,0.0
2024-12-27 01:00:00+00:00,1.0,-1.0,2.0,0.0
2024-12-27 17:00:00+00:00,-1.0,1.0,2.0,0.0
2024-12-28 06:00:00+00:00,1.0,-1.0,2.0,0.0
2024-12-29 14:00:00+00:00,-1.0,1.0,2.0,0.0
2024-12-30 08:00:00+00:00,1.0,-1.0,2.0,0.0
2024-12-30 14:00:00+00:00,-1.0,1.0,2.0,0.0
2024-12-30 19:00:00+00:00,1.0,-1.0,2.0,0.0
2024-12-31 01:00:00+00:00,-1.0,1.0,2.0,0.0
2024-12-31 08:00:00+00:00,1.0,-1.0,2.0,0.0
2024-12-31 22:00:00+00:00,-1.0,1.0,2.0,0.0
2025-01-01 16:00:00+00:00,1.0,-1.0,2.0,0.0
2025-01-02 23:00:00+00:00,-1.0,1.0,2.0,0.0
2025-01-03 18:00:00+00:00,1.0,-1.0,2.0,0.0
2025-01-04 05:00:00+00:00,-1.0,1.0,2.0,0.0
2025-01-05 00:00:00+00:00,1.0,-1.0,2.0,0.0
2025-01-05 01:00:00+00:00,-1.0,1.0,2.0,0.0
2025-01-05 22:00:00+00:00,1.0,-1.0,2.0,0.0
2025-01-07 05:00:00+00:00,-1.0,1.0,2.0,0.0
2025-01-08 15:00:00+00:00,1.0,-1.0,2.0,0.0
2025-01-08 18:00:00+00:00,-1.0,1.0,2.0,0.0
2025-01-08 21:00:00+00:00,1.0,-1.0,2.0,0.0
2025-01-09 14:00:00+00:00,-1.0,1.0,2.0,0.0
2025-01-09 15:00:00+00:00,1.0,-1.0,2.0,0.0
2025-01-09 22:00:00+00:00,-1.0,1.0,2.0,0.0
2025-01-10 01:00:00+00:00,1.0,-1.0,2.0,0.0
2025-01-11 02:00:00+00:00,-1.0,1.0,2.0,0.0
2025-01-11 22:00:00+00:00,1.0,-1.0,2.0,0.0
2025-01-12 07:00:00+00:00,-1.0,1.0,2.0,0.0
2025-01-12 15:00:00+00:00,1.0,-1.0,2.0,0.0
2025-01-12 23:00:00+00:00,-1.0,1.0,2.0,0.0
2025-01-13 00:00:00+00:00,1.0,-1.0,2.0,0.0
2025-01-13 01:00:00+00:00,-1.0,1.0,2.0,0.0
2025-01-13 21:00:00+00:00,1.0,-1.0,2.0,0.0
2025-01-14 23:00:00+00:00,-1.0,1.0,2.0,0.0
2025-01-15 15:00:00+00:00,1.0,-1.0,2.0,0.0
2025-01-16 05:00:00+00:00,-1.0,1.0,2.0,0.0
2025-01-17 01:00:00+00:00,1.0,-1.0,2.0,0.0
2025-01-18 02:00:00+00:00,-1.0,1.0,2.0,0.0
2025-01-19 03:00:00+00:00,1.0,-1.0,2.0,0.0
2025-01-19 11:00:00+00:00,-1.0,1.0,2.0,0.0
2025-01-19 20:00:00+00:00,1.0,-1.0,2.0,0.0
2025-01-19 21:00:00+00:00,-1.0,1.0,2.0,0.0
2025-01-20 08:00:00+00:00,1.0,-1.0,2.0,0.0
2025-01-20 19:00:00+00:00,-1.0,1.0,2.0,0.0
2025-01-21 12:00:00+00:00,1.0,-1.0,2.0,0.0
2025-01-22 07:00:00+00:00,-1.0,1.0,2.0,0.0
2025-01-23 15:00:00+00:00,1.0,-1.0,2.0,0.0
2025-01-24 22:00:00+00:00,-1.0,1.0,2.0,0.0
2025-01-25 19:00:00+00:00,1.0,-1.0,2.0,0.0
2025-01-26 11:00:00+00:00,-1.0,1.0,2.0,0.0
2025-01-26 18:00:00+00:00,1.0,-1.0,2.0,0.0
2025-01-26 22:00:00+00:00,-1.0,1.0,2.0,0.0
2025-01-27 15:00:00+00:00,1.0,-1.0,2.0,0.0
2025-01-28 20:00:00+00:00,-1.0,1.0,2.0,0.0
2025-01-29 07:00:00+00:00,1.0,-1.0,2.0,0.0
2025-01-29 16:00:00+00:00,-1.0,1.0,2.0,0.0
2025-01-29 18:00:00+00:00,1.0,-1.0,2.0,0.0
2025-01-30 17:00:00+00:00,-1.0,1.0,2.0,0.0
2025-01-31 17:00:00+00:00,1.0,-1.0,2.0,0.0
2025-01-31 18:00:00+00:00,-1.0,1.0,2.0,0.0
2025-02-01 13:00:00+00:00,1.0,-1.0,2.0,0.0
2025-02-01 23:00:00+00:00,-1.0,1.0,2.0,0.0
2025-02-03 11:00:00+00:00,1.0,-1.0,2.0,0.0
2025-02-04 08:00:00+00:00,-1.0,1.0,2.0,0.0
2025-02-05 13:00:00+00:00,1.0,-1.0,2.0,0.0
2025-02-05 19:00:00+00:00,-1.0,1.0,2.0,0.0
2025-02-06 05:00:00+00:00,1.0,-1.0,2.0,0.0
2025-02-06 17:00:00+00:00,-1.0,1.0,2.0,0.0
2025-02-07 04:00:00+00:00,1.0,-1.0,2.0,0.0
2025-02-07 21:00:00+00:00,-1.0,1.0,2.0,0.0
2025-02-08 17:00:00+00:00,1.0,-1.0,2.0,0.0
2025-02-09 13:00:00+00:00,-1.0,1.0,2.0,0.0
2025-02-10 04:00:00+00:00,1.0,-1.0,2.0,0.0
2025-02-10 21:00:00+00:00,-1.0,1.0,2.0,0.0
2025-02-11 04:00:00+00:00,1.0,-1.0,2.0,0.0
2025-02-11 13:00:00+00:00,-1.0,1.0,2.0,0.0
2025-02-12 08:00:00+00:00,1.0,-1.0,2.0,0.0
2025-02-13 07:00:00+00:00,-1.0,1.0,2.0,0.0
2025-02-13 23:00:00+00:00,1.0,-1.0,2.0,0.0
2025-02-15 04:00:00+00:00,-1.0,1.0,2.0,0.0
2025-02-17 13:00:00+00:00,1.0,-1.0,2.0,0.0
2025-02-17 17:00:00+00:00,-1.0,1.0,2.0,0.0
2025-02-17 22:00:00+00:00,1.0,-1.0,2.0,0.0
2025-02-18 09:00:00+00:00,-1.0,1.0,2.0,0.0
2025-02-18 11:00:00+00:00,1.0,-1.0,2.0,0.0
2025-02-18 17:00:00+00:00,-1.0,1.0,2.0,0.0
2025-02-19 01:00:00+00:00,1.0,-1.0,2.0,0.0
2025-02-20 15:00:00+00:00,-1.0,1.0,2.0,0.0
2025-02-20 18:00:00+00:00,1.0,-1.0,2.0,0.0
2025-02-21 04:00:00+00:00,-1.0,1.0,2.0,0.0
2025-02-22 09:00:00+00:00,1.0,-1.0,2.0,0.0
2025-02-23 10:00:00+00:00,-1.0,1.0,2.0,0.0
2025-02-24 00:00:00+00:00,1.0,-1.0,2.0,0.0
2025-02-24 15:00:00+00:00,-1.0,1.0,2.0,0.0
2025-02-25 22:00:00+00:00,1.0,-1.0,2.0,0.0
2025-02-26 17:00:00+00:00,-1.0,1.0,2.0,0.0
2025-02-27 05:00:00+00:00,1.0,-1.0,2.0,0.0
2025-02-27 20:00:00+00:00,-1.0,1.0,2.0,0.0
2025-02-28 14:00:00+00:00,1.0,-1.0,2.0,0.0
2025-03-01 14:00:00+00:00,-1.0,1.0,2.0,0.0
2025-03-01 23:00:00+00:00,1.0,-1.0,2.0,0.0
2025-03-02 05:00:00+00:00,-1.0,1.0,2.0,0.0
2025-03-02 16:00:00+00:00,1.0,-1.0,2.0,0.0
2025-03-03 07:00:00+00:00,-1.0,1.0,2.0,0.0
2025-03-04 14:00:00+00:00,1.0,-1.0,2.0,0.0
2025-03-06 10:00:00+00:00,-1.0,1.0,2.0,0.0
2025-03-07 11:00:00+00:00,1.0,-1.0,2.0,0.0
2025-03-07 20:00:00+00:00,-1.0,1.0,2.0,0.0
2025-03-08 13:00:00+00:00,1.0,-1.0,2.0,0.0
2025-03-09 10:00:00+00:00,-1.0,1.0,2.0,0.0
2025-03-10 05:00:00+00:00,1.0,-1.0,2.0,0.0
2025-03-10 17:00:00+00:00,-1.0,1.0,2.0,0.0
2025-03-11 04:00:00+00:00,1.0,-1.0,2.0,0.0
2025-03-12 06:00:00+00:00,-1.0,1.0,2.0,0.0
2025-03-12 23:00:00+00:00,1.0,-1.0,2.0,0.0
2025-03-13 08:00:00+00:00,-1.0,1.0,2.0,0.0
2025-03-14 04:00:00+00:00,1.0,-1.0,2.0,0.0
2025-03-15 06:00:00+00:00,-1.0,1.0,2.0,0.0
2025-03-17 04:00:00+00:00,1.0,-1.0,2.0,0.0
2025-03-18 03:00:00+00:00,-1.0,1.0,2.0,0.0
2025-03-18 23:00:00+00:00,1.0,-1.0,2.0,0.0
2025-03-20 08:00:00+00:00,-1.0,1.0,2.0,0.0
2025-03-21 18:00:00+00:00,1.0,-1.0,2.0,0.0
2025-03-22 17:00:00+00:00,-1.0,1.0,2.0,0.0
2025-03-23 05:00:00+00:00,1.0,-1.0,2.0,0.0
2025-03-24 22:00:00+00:00,-1.0,1.0,2.0,0.0
2025-03-25 16:00:00+00:00,1.0,-1.0,2.0,0.0
2025-03-26 01:00:00+00:00,-1.0,1.0,2.0,0.0
2025-03-26 10:00:00+00:00,1.0,-1.0,2.0,0.0
2025-03-26 13:00:00+00:00,-1.0,1.0,2.0,0.0
2025-03-27 02:00:00+00:00,1.0,-1.0,2.0,0.0
2025-03-27 13:00:00+00:00,-1.0,1.0,2.0,0.0
2025-03-27 21:00:00+00:00,1.0,-1.0,2.0,0.0
2025-03-28 04:00:00+00:00,-1.0,1.0,2.0,0.0
2025-03-29 01:00:00+00:00,1.0,-1.0,2.0,0.0
2025-03-29 12:00:00+00:00,-1.0,1.0,2.0,0.0
2025-03-29 21:00:00+00:00,1.0,-1.0,2.0,0.0
2025-03-30 19:00:00+00:00,-1.0,1.0,2.0,0.0
2025-03-31 11:00:00+00:00,1.0,-1.0,2.0,0.0
2025-04-02 03:00:00+00:00,-1.0,1.0,2.0,0.0
2025-04-02 15:00:00+00:00,1.0,-1.0,2.0,0.0
2025-04-02 22:00:00+00:00,-1.0,1.0,2.0,0.0
2025-04-03 23:00:00+00:00,1.0,-1.0,2.0,0.0
2025-04-05 06:00:00+00:00,-1.0,1.0,2.0,0.0
2025-04-06 01:00:00+00:00,1.0,-1.0,2.0,0.0
2025-04-06 11:00:00+00:00,-1.0,1.0,2.0,0.0
2025-04-07 13:00:00+00:00,1.0,-1.0,2.0,0.0
2025-04-08 15:00:00+00:00,-1.0,1.0,2.0,0.0
2025-04-09 09:00:00+00:00,1.0,-1.0,2.0,0.0
2025-04-10 09:00:00+00:00,-1.0,1.0,2.0,0.0
2025-04-11 06:00:00+00:00,1.0,-1.0,2.0,0.0
2025-04-12 03:00:00+00:00,-1.0,1.0,2.0,0.0
2025-04-12 15:00:00+00:00,1.0,-1.0,2.0,0.0
2025-04-13 04:00:00+00:00,-1.0,1.0,2.0,0.0
2025-04-14 04:00:00+00:00,1.0,-1.0,2.0,0.0
2025-04-14 22:00:00+00:00,-1.0,1.0,2.0,0.0
2025-04-15 02:00:00+00:00,1.0,-1.0,2.0,0.0
2025-04-15 15:00:00+00:00,-1.0,1.0,2.0,0.0
2025-04-16 12:00:00+00:00,1.0,-1.0,2.0,0.0
2025-04-18 04:00:00+00:00,-1.0,1.0,2.0,0.0
2025-04-19 03:00:00+00:00,1.0,-1.0,2.0,0.0
2025-04-19 19:00:00+00:00,-1.0,1.0,2.0,0.0
2025-04-20 21:00:00+00:00,1.0,-1.0,2.0,0.0
2025-04-21 17:00:00+00:00,-1.0,1.0,2.0,0.0
2025-04-22 05:00:00+00:00,1.0,-1.0,2.0,0.0
2025-04-23 11:00:00+00:00,-1.0,1.0,2.0,0.0
2025-04-24 19:00:00+00:00,1.0,-1.0,2.0,0.0
2025-04-25 06:00:00+00:00,-1.0,1.0,2.0,0.0
2025-04-25 09:00:00+00:00,1.0,-1.0,2.0,0.0
2025-04-26 01:00:00+00:00,-1.0,1.0,2.0,0.0
2025-04-27 19:00:00+00:00,1.0,-1.0,2.0,0.0
2025-04-28 01:00:00+00:00,-1.0,1.0,2.0,0.0
2025-04-28 06:00:00+00:00,1.0,-1.0,2.0,0.0
2025-04-28 17:00:00+00:00,-1.0,1.0,2.0,0.0
2025-04-28 23:00:00+00:00,1.0,-1.0,2.0,0.0
2025-04-29 06:00:00+00:00,-1.0,1.0,2.0,0.0
2025-04-29 09:00:00+00:00,1.0,-1.0,2.0,0.0
2025-04-29 21:00:00+00:00,-1.0,1.0,2.0,0.0
2025-04-30 11:00:00+00:00,1.0,-1.0,2.0,0.0
2025-04-30 12:00:00+00:00,-1.0,1.0,2.0,0.0
2025-05-01 01:00:00+00:00,1.0,-1.0,2.0,0.0
2025-05-02 05:00:00+00:00,-1.0,1.0,2.0,0.0
2025-05-03 21:00:00+00:00,1.0,-1.0,2.0,0.0
2025-05-04 00:00:00+00:00,-1.0,1.0,2.0,0.0
2025-05-04 20:00:00+00:00,1.0,-1.0,2.0,0.0
2025-05-04 23:00:00+00:00,-1.0,1.0,2.0,0.0
2025-05-05 17:00:00+00:00,1.0,-1.0,2.0,0.0
2025-05-06 11:00:00+00:00,-1.0,1.0,2.0,0.0
2025-05-06 17:00:00+00:00,1.0,-1.0,2.0,0.0
2025-05-07 16:00:00+00:00,-1.0,1.0,2.0,0.0
2025-05-08 02:00:00+00:00,1.0,-1.0,2.0,0.0
2025-05-09 08:00:00+00:00,-1.0,1.0,2.0,0.0
2025-05-11 01:00:00+00:00,1.0,-1.0,2.0,0.0
2025-05-11 07:00:00+00:00,-1.0,1.0,2.0,0.0
2025-05-11 12:00:00+00:00,1.0,-1.0,2.0,0.0
2025-05-11 15:00:00+00:00,-1.0,1.0,2.0,0.0
2025-05-12 10:00:00+00:00,1.0,-1.0,2.0,0.0
2025-05-12 11:00:00+00:00,-1.0,1.0,2.0,0.0
2025-05-13 08:00:00+00:00,1.0,-1.0,2.0,0.0
2025-05-14 04:00:00+00:00,-1.0,1.0,2.0,0.0
2025-05-15 16:00:00+00:00,1.0,-1.0,2.0,0.0
2025-05-16 12:00:00+00:00,-1.0,1.0,2.0,0.0
2025-05-17 21:00:00+00:00,1.0,-1.0,2.0,0.0
2025-05-19 04:00:00+00:00,-1.0,1.0,2.0,0.0
2025-05-19 17:00:00+00:00,1.0,-1.0,2.0,0.0
2025-05-20 09:00:00+00:00,-1.0,1.0,2.0,0.0
2025-05-20 20:00:00+00:00,1.0,-1.0,2.0,0.0
2025-05-21 10:00:00+00:00,-1.0,1.0,2.0,0.0
2025-05-21 15:00:00+00:00,1.0,-1.0,2.0,0.0
2025-05-22 14:00:00+00:00,-1.0,1.0,2.0,0.0
2025-05-24 09:00:00+00:00,1.0,-1.0,2.0,0.0
2025-05-25 01:00:00+00:00,-1.0,1.0,2.0,0.0
2025-05-25 19:00:00+00:00,1.0,-1.0,2.0,0.0
2025-05-26 17:00:00+00:00,-1.0,1.0,2.0,0.0
2025-05-27 11:00:00+00:00,1.0,-1.0,2.0,0.0
2025-05-27 22:00:00+00:00,-1.0,1.0,2.0,0.0
2025-05-29 02:00:00+00:00,1.0,-1.0,2.0,0.0
2025-05-29 17:00:00+00:00,-1.0,1.0,2.0,0.0
2025-05-30 11:00:00+00:00,1.0,-1.0,2.0,0.0
2025-05-30 17:00:00+00:00,-1.0,1.0,2.0,0.0
2025-05-31 08:00:00+00:00,1.0,-1.0,2.0,0.0
2025-06-01 10:00:00+00:00,-1.0,1.0,2.0,0.0
2025-06-01 16:00:00+00:00,1.0,-1.0,2.0,0.0
2025-06-02 06:00:00+00:00,-1.0,1.0,2.0,0.0
2025-06-02 22:00:00+00:00,1.0,-1.0,2.0,0.0
2025-06-03 11:00:00+00:00,-1.0,1.0,2.0,0.0
2025-06-03 15:00:00+00:00,1.0,-1.0,2.0,0.0
2025-06-03 22:00:00+00:00,-1.0,1.0,2.0,0.0
2025-06-05 12:00:00+00:00,1.0,-1.0,2.0,0.0
2025-06-05 16:00:00+00:00,-1.0,1.0,2.0,0.0
2025-06-06 06:00:00+00:00,1.0,-1.0,2.0,0.0
2025-06-08 00:00:00+00:00,-1.0,1.0,2.0,0.0
2025-06-08 17:00:00+00:00,1.0,-1.0,2.0,0.0
2025-06-09 00:00:00+00:00,-1.0,1.0,2.0,0.0
2025-06-09 11:00:00+00:00,1.0,-1.0,2.0,0.0
2025-06-10 07:00:00+00:00,-1.0,1.0,2.0,0.0
2025-06-12 18:00:00+00:00,1.0,-1.0,2.0,0.0
2025-06-12 20:00:00+00:00,-1.0,1.0,2.0,0.0
2025-06-13 11:00:00+00:00,1.0,-1.0,2.0,0.0
2025-06-14 12:00:00+00:00,-1.0,1.0,2.0,0.0
2025-06-14 22:00:00+00:00,1.0,-1.0,2.0,0.0
2025-06-15 12:00:00+00:00,-1.0,1.0,2.0,0.0
2025-06-15 14:00:00+00:00,1.0,-1.0,2.0,0.0
2025-06-15 21:00:00+00:00,-1.0,1.0,2.0,0.0
2025-06-16 02:00:00+00:00,1.0,-1.0,2.0,0.0
2025-06-17 01:00:00+00:00,-1.0,1.0,2.0,0.0
2025-06-18 03:00:00+00:00,1.0,-1.0,2.0,0.0
2025-06-18 19:00:00+00:00,-1.0,1.0,2.0,0.0
2025-06-18 20:00:00+00:00,1.0,-1.0,2.0,0.0
2025-06-19 15:00:00+00:00,-1.0,1.0,2.0,0.0
2025-06-20 00:00:00+00:00,1.0,-1.0,2.0,0.0
2025-06-20 16:00:00+00:00,-1.0,1.0,2.0,0.0
2025-06-21 09:00:00+00:00,1.0,-1.0,2.0,0.0
2025-06-21 19:00:00+00:00,-1.0,1.0,2.0,0.0
2025-06-22 06:00:00+00:00,1.0,-1.0,2.0,0.0
2025-06-22 14:00:00+00:00,-1.0,1.0,2.0,0.0
2025-06-23 01:00:00+00:00,1.0,-1.0,2.0,0.0
2025-06-24 12:00:00+00:00,-1.0,1.0,2.0,0.0
2025-06-25 13:00:00+00:00,1.0,-1.0,2.0,0.0
2025-06-25 18:00:00+00:00,-1.0,1.0,2.0,0.0
2025-06-27 22:00:00+00:00,1.0,-1.0,2.0,0.0
2025-06-28 20:00:00+00:00,-1.0,1.0,2.0,0.0
2025-06-29 00:00:00+00:00,1.0,-1.0,2.0,0.0
2025-06-29 01:00:00+00:00,-1.0,1.0,2.0,0.0
2025-06-29 09:00:00+00:00,1.0,-1.0,2.0,0.0
2025-06-29 19:00:00+00:00,-1.0,1.0,2.0,0.0
2025-06-30 00:00:00+00:00,1.0,-1.0,2.0,0.0
2025-06-30 08:00:00+00:00,-1.0,1.0,2.0,0.0
2025-07-02 04:00:00+00:00,1.0,-1.0,2.0,0.0
2025-07-03 04:00:00+00:00,-1.0,1.0,2.0,0.0
2025-07-05 02:00:00+00:00,1.0,-1.0,2.0,0.0
2025-07-06 09:00:00+00:00,-1.0,1.0,2.0,0.0
2025-07-06 12:00:00+00:00,1.0,-1.0,2.0,0.0
2025-07-07 08:00:00+00:00,-1.0,1.0,2.0,0.0
2025-07-08 07:00:00+00:00,1.0,-1.0,2.0,0.0
2025-07-09 04:00:00+00:00,-1.0,1.0,2.0,0.0
2025-07-09 12:00:00+00:00,1.0,-1.0,2.0,0.0
2025-07-10 10:00:00+00:00,-1.0,1.0,2.0,0.0
2025-07-10 17:00:00+00:00,1.0,-1.0,2.0,0.0
2025-07-11 14:00:00+00:00,-1.0,1.0,2.0,0.0
2025-07-13 07:00:00+00:00,1.0,-1.0,2.0,0.0
2025-07-14 15:00:00+00:00,-1.0,1.0,2.0,0.0
2025-07-15 20:00:00+00:00,1.0,-1.0,2.0,0.0
2025-07-17 01:00:00+00:00,-1.0,1.0,2.0,0.0
2025-07-17 18:00:00+00:00,1.0,-1.0,2.0,0.0
2025-07-18 09:00:00+00:00,-1.0,1.0,2.0,0.0
2025-07-19 05:00:00+00:00,1.0,-1.0,2.0,0.0
2025-07-20 23:00:00+00:00,-1.0,1.0,2.0,0.0
2025-07-21 06:00:00+00:00,1.0,-1.0,2.0,0.0
2025-07-21 17:00:00+00:00,-1.0,1.0,2.0,0.0
2025-07-22 08:00:00+00:00,1.0,-1.0,2.0,0.0
2025-07-23 05:00:00+00:00,-1.0,1.0,2.0,0.0
2025-07-24 00:00:00+00:00,1.0,-1.0,2.0,0.0
2025-07-24 07:00:00+00:00,-1.0,1.0,2.0,0.0
2025-07-24 09:00:00+00:00,1.0,-1.0,2.0,0.0
2025-07-25 00:00:00+00:00,-1.0,1.0,2.0,0.0
2025-07-25 18:00:00+00:00,1.0,-1.0,2.0,0.0
2025-07-27 00:00:00+00:00,-1.0,1.0,2.0,0.0
2025-07-27 16:00:00+00:00,1.0,-1.0,2.0,0.0
2025-07-28 08:00:00+00:00,-1.0,1.0,2.0,0.0
2025-07-29 05:00:00+00:00,1.0,-1.0,2.0,0.0
2025-07-29 16:00:00+00:00,-1.0,1.0,2.0,0.0
2025-07-30 04:00:00+00:00,1.0,-1.0,2.0,0.0
2025-07-30 18:00:00+00:00,-1.0,1.0,2.0,0.0
2025-07-31 01:00:00+00:00,1.0,-1.0,2.0,0.0
2025-07-31 17:00:00+00:00,-1.0,1.0,2.0,0.0
2025-08-01 15:00:00+00:00,1.0,-1.0,2.0,0.0
2025-08-01 19:00:00+00:00,-1.0,1.0,2.0,0.0
2025-08-02 04:00:00+00:00,1.0,-1.0,2.0,0.0
2025-08-02 19:00:00+00:00,-1.0,1.0,2.0,0.0
2025-08-03 00:00:00+00:00,1.0,-1.0,2.0,0.0
2025-08-04 09:00:00+00:00,-1.0,1.0,2.0,0.0
2025-08-04 17:00:00+00:00,1.0,-1.0,2.0,0.0
2025-08-05 01:00:00+00:00,-1.0,1.0,2.0,0.0
2025-08-06 01:00:00+00:00,1.0,-1.0,2.0,0.0
2025-08-07 03:00:00+00:00,-1.0,1.0,2.0,0.0
2025-08-07 11:00:00+00:00,1.0,-1.0,2.0,0.0
2025-08-08 04:00:00+00:00,-1.0,1.0,2.0,0.0
2025-08-09 10:00:00+00:00,1.0,-1.0,2.0,0.0
2025-08-09 18:00:00+00:00,-1.0,1.0,2.0,0.0
2025-08-10 04:00:00+00:00,1.0,-1.0,2.0,0.0
2025-08-11 13:00:00+00:00,-1.0,1.0,2.0,0.0
2025-08-12 15:00:00+00:00,1.0,-1.0,2.0,0.0
2025-08-13 06:00:00+00:00,-1.0,1.0,2.0,0.0
2025-08-13 10:00:00+00:00,1.0,-1.0,2.0,0.0
2025-08-14 07:00:00+00:00,-1.0,1.0,2.0,0.0
2025-08-15 06:00:00+00:00,1.0,-1.0,2.0,0.0
2025-08-15 19:00:00+00:00,-1.0,1.0,2.0,0.0
2025-08-15 22:00:00+00:00,1.0,-1.0,2.0,0.0
2025-08-17 18:00:00+00:00,-1.0,1.0,2.0,0.0
2025-08-18 16:00:00+00:00,1.0,-1.0,2.0,0.0
2025-08-19 06:00:00+00:00,-1.0,1.0,2.0,0.0
2025-08-20 05:00:00+00:00,1.0,-1.0,2.0,0.0
2025-08-21 09:00:00+00:00,-1.0,1.0,2.0,0.0
2025-08-22 04:00:00+00:00,1.0,-1.0,2.0,0.0
2025-08-23 06:00:00+00:00,-1.0,1.0,2.0,0.0
2025-08-25 16:00:00+00:00,1.0,-1.0,2.0,0.0
2025-08-25 22:00:00+00:00,-1.0,1.0,2.0,0.0
2025-08-26 08:00:00+00:00,1.0,-1.0,2.0,0.0
2025-08-28 00:00:00+00:00,-1.0,1.0,2.0,0.0
2025-08-28 05:00:00+00:00,1.0,-1.0,2.0,0.0
2025-08-28 17:00:00+00:00,-1.0,1.0,2.0,0.0
2025-08-30 04:00:00+00:00,1.0,-1.0,2.0,0.0
2025-08-31 11:00:00+00:00,-1.0,1.0,2.0,0.0
2025-08-31 17:00:00+00:00,1.0,-1.0,2.0,0.0
2025-09-01 01:00:00+00:00,-1.0,1.0,2.0,0.0
2025-09-01 09:00:00+00:00,1.0,-1.0,2.0,0.0
2025-09-01 22:00:00+00:00,-1.0,1.0,2.0,0.0
2025-09-02 01:00:00+00:00,1.0,-1.0,2.0,0.0
2025-09-03 04:00:00+00:00,-1.0,1.0,2.0,0.0
2025-09-03 16:00:00+00:00,1.0,-1.0,2.0,0.0
2025-09-03 23:00:00+00:00,-1.0,1.0,2.0,0.0
2025-09-04 23:00:00+00:00,1.0,-1.0,2.0,0.0
2025-09-05 17:00:00+00:00,-1.0,1.0,2.0,0.0
2025-09-07 03:00:00+00:00,1.0,-1.0,2.0,0.0
2025-09-08 03:00:00+00:00,-1.0,1.0,2.0,0.0
2025-09-08 09:00:00+00:00,1.0,-1.0,2.0,0.0
2025-09-09 00:00:00+00:00,-1.0,1.0,2.0,0.0
2025-09-09 08:00:00+00:00,1.0,-1.0,2.0,0.0
2025-09-09 15:00:00+00:00,-1.0,1.0,2.0,0.0
2025-09-10 07:00:00+00:00,1.0,-1.0,2.0,0.0
2025-09-11 09:00:00+00:00,-1.0,1.0,2.0,0.0
2025-09-12 00:00:00+00:00,1.0,-1.0,2.0,0.0
2025-09-12 08:00:00+00:00,-1.0,1.0,2.0,0.0
2025-09-12 19:00:00+00:00,1.0,-1.0,2.0,0.0
2025-09-13 03:00:00+00:00,-1.0,1.0,2.0,0.0
2025-09-15 05:00:00+00:00,1.0,-1.0,2.0,0.0
2025-09-15 10:00:00+00:00,-1.0,1.0,2.0,0.0
2025-09-15 21:00:00+00:00,1.0,-1.0,2.0,0.0
2025-09-17 05:00:00+00:00,-1.0,1.0,2.0,0.0
2025-09-17 06:00:00+00:00,1.0,-1.0,2.0,0.0
2025-09-17 12:00:00+00:00,-1.0,1.0,2.0,0.0
2025-09-18 01:00:00+00:00,1.0,-1.0,2.0,0.0
2025-09-18 22:00:00+00:00,-1.0,1.0,2.0,0.0
2025-09-20 05:00:00+00:00,1.0,-1.0,2.0,0.0
2025-09-21 16:00:00+00:00,-1.0,1.0,2.0,0.0
2025-09-22 21:00:00+00:00,1.0,-1.0,2.0,0.0
2025-09-23 20:00:00+00:00,-1.0,1.0,2.0,0.0
2025-09-24 01:00:00+00:00,1.0,-1.0,2.0,0.0
2025-09-25 02:00:00+00:00,-1.0,1.0,2.0,0.0
2025-09-26 08:00:00+00:00,1.0,-1.0,2.0,0.0
2025-09-28 11:00:00+00:00,-1.0,1.0,2.0,0.0
2025-09-28 13:00:00+00:00,1.0,-1.0,2.0,0.0
2025-09-30 05:00:00+00:00,-1.0,1.0,2.0,0.0
2025-10-01 00:00:00+00:00,1.0,-1.0,2.0,0.0
2025-10-01 03:00:00+00:00,-1.0,1.0,2.0,0.0
2025-10-01 08:00:00+00:00,1.0,-1.0,2.0,0.0
2025-10-02 08:00:00+00:00,-1.0,1.0,2.0,0.0
2025-10-03 16:00:00+00:00,1.0,-1.0,2.0,0.0
2025-10-04 03:00:00+00:00,-1.0,1.0,2.0,0.0
2025-10-05 03:00:00+00:00,1.0,-1.0,2.0,0.0
2025-10-05 13:00:00+00:00,-1.0,1.0,2.0,0.0
2025-10-06 04:00:00+00:00,1.0,-1.0,2.0,0.0
2025-10-07 01:00:00+00:00,-1.0,1.0,2.0,0.0
2025-10-08 07:00:00+00:00,1.0,-1.0,2.0,0.0
2025-10-09 04:00:00+00:00,-1.0,1.0,2.0,0.0
2025-10-10 01:00:00+00:00,1.0,-1.0,2.0,0.0
2025-10-10 16:00:00+00:00,-1.0,1.0,2.0,0.0
2025-10-11 13:00:00+00:00,1.0,-1.0,2.0,0.0
2025-10-13 10:00:00+00:00,-1.0,1.0,2.0,0.0
2025-10-14 19:00:00+00:00,1.0,-1.0,2.0,0.0
2025-10-15 14:00:00+00:00,-1.0,1.0,2.0,0.0
2025-10-16 06:00:00+00:00,1.0,-1.0,2.0,0.0
2025-10-16 16:00:00+00:00,-1.0,1.0,2.0,0.0
2025-10-17 05:00:00+00:00,1.0,-1.0,2.0,0.0
2025-10-17 07:00:00+00:00,-1.0,1.0,2.0,0.0
2025-10-17 17:00:00+00:00,1.0,-1.0,2.0,0.0
2025-10-19 06:00:00+00:00,-1.0,1.0,2.0,0.0
2025-10-19 10:00:00+00:00,1.0,-1.0,2.0,0.0
2025-10-20 17:00:00+00:00,-1.0,1.0,2.0,0.0
2025-10-21 15:00:00+00:00,1.0,-1.0,2.0,0.0
2025-10-22 00:00:00+00:00,-1.0,1.0,2.0,0.0
2025-10-23 03:00:00+00:00,1.0,-1.0,2.0,0.0
2025-10-24 14:00:00+00:00,-1.0,1.0,2.0,0.0
2025-10-25 06:00:00+00:00,1.0,-1.0,2.0,0.0
2025-10-25 17:00:00+00:00,-1.0,1.0,2.0,0.0
2025-10-26 10:00:00+00:00,1.0,-1.0,2.0,0.0
2025-10-27 12:00:00+00:00,-1.0,1.0,2.0,0.0
2025-10-28 14:00:00+00:00,1.0,-1.0,2.0,0.0
2025-10-28 20:00:00+00:00,-1.0,1.0,2.0,0.0
2025-10-29 11:00:00+00:00,1.0,-1.0,2.0,0.0
2025-10-29 16:00:00+00:00,-1.0,1.0,2.0,0.0
2025-10-30 08:00:00+00:00,1.0,-1.0,2.0,0.0
2025-10-30 13:00:00+00:00,-1.0,1.0,2.0,0.0
2025-10-31 00:00:00+00:00,1.0,-1.0,2.0,0.0
2025-11-01 23:00:00+00:00,-1.0,1.0,2.0,0.0
2025-11-02 07:00:00+00:00,1.0,-1.0,2.0,0.0
2025-11-02 16:00:00+00:00,-1.0,1.0,2.0,0.0
2025-11-03 22:00:00+00:00,1.0,-1.0,2.0,0.0
2025-11-04 07:00:00+00:00,-1.0,1.0,2.0,0.0
2025-11-05 03:00:00+00:00,1.0,-1.0,2.0,0.0
2025-11-06 08:00:00+00:00,-1.0,1.0,2.0,0.0
2025-11-07 05:00:00+00:00,1.0,-1.0,2.0,0.0
2025-11-07 12:00:00+00:00,-1.0,1.0,2.0,0.0
2025-11-07 17:00:00+00:00,1.0,-1.0,2.0,0.0
2025-11-08 08:00:00+00:00,-1.0,1.0,2.0,0.0
2025-11-09 01:00:00+00:00,1.0,-1.0,2.0,0.0
2025-11-09 02:00:00+00:00,-1.0,1.0,2.0,0.0
2025-11-09 13:00:00+00:00,1.0,-1.0,2.0,0.0
2025-11-10 13:00:00+00:00,-1.0,1.0,2.0,0.0
2025-11-12 06:00:00+00:00,1.0,-1.0,2.0,0.0
2025-11-12 17:00:00+00:00,-1.0,1.0,2.0,0.0
2025-11-13 05:00:00+00:00,1.0,-1.0,2.0,0.0
2025-11-13 17:00:00+00:00,-1.0,1.0,2.0,0.0
2025-11-14 18:00:00+00:00,1.0,-1.0,2.0,0.0
2025-11-14 20:00:00+00:00,-1.0,1.0,2.0,0.0
2025-11-14 22:00:00+00:00,1.0,-1.0,2.0,0.0
2025-11-16 16:00:00+00:00,-1.0,1.0,2.0,0.0
2025-11-17 03:00:00+00:00,1.0,-1.0,2.0,0.0
2025-11-17 16:00:00+00:00,-1.0,1.0,2.0,0.0
2025-11-18 12:00:00+00:00,1.0,-1.0,2.0,0.0
2025-11-19 05:00:00+00:00,-1.0,1.0,2.0,0.0
2025-11-20 00:00:00+00:00,1.0,-1.0,2.0,0.0
2025-11-20 15:00:00+00:00,-1.0,1.0,2.0,0.0
2025-11-21 17:00:00+00:00,1.0,-1.0,2.0,0.0
2025-11-24 02:00:00+00:00,-1.0,1.0,2.0,0.0
2025-11-24 19:00:00+00:00,1.0,-1.0,2.0,0.0
2025-11-25 06:00:00+00:00,-1.0,1.0,2.0,0.0
2025-11-26 02:00:00+00:00,1.0,-1.0,2.0,0.0
2025-11-26 10:00:00+00:00,-1.0,1.0,2.0,0.0
2025-11-26 17:00:00+00:00,1.0,-1.0,2.0,0.0
2025-11-27 13:00:00+00:00,-1.0,1.0,2.0,0.0
2025-11-28 15:00:00+00:00,1.0,-1.0,2.0,0.0
2025-11-28 16:00:00+00:00,-1.0,1.0,2.0,0.0
2025-11-29 16:00:00+00:00,1.0,-1.0,2.0,0.0
2025-11-30 23:00:00+00:00,-1.0,1.0,2.0,0.0
2025-12-01 21:00:00+00:00,1.0,-1.0,2.0,0.0
2025-12-03 11:00:00+00:00,-1.0,1.0,2.0,0.0
2025-12-06 05:00:00+00:00,1.0,-1.0,2.0,0.0
2025-12-07 14:00:00+00:00,-1.0,1.0,2.0,0.0
2025-12-07 17:00:00+00:00,1.0,-1.0,2.0,0.0
2025-12-08 15:00:00+00:00,-1.0,1.0,2.0,0.0
2025-12-09 14:00:00+00:00,1.0,-1.0,2.0,0.0
2025-12-10 04:00:00+00:00,-1.0,1.0,2.0,0.0
2025-12-11 19:00:00+00:00,1.0,-1.0,2.0,0.0
2025-12-12 15:00:00+00:00,-1.0,1.0,2.0,0.0
2025-12-13 08:00:00+00:00,1.0,-1.0,2.0,0.0
2025-12-14 11:00:00+00:00,-1.0,1.0,2.0,0.0
2025-12-15 03:00:00+00:00,1.0,-1.0,2.0,0.0
2025-12-15 16:00:00+00:00,-1.0,1.0,2.0,0.0
2025-12-16 08:00:00+00:00,1.0,-1.0,2.0,0.0
2025-12-17 06:00:00+00:00,-1.0,1.0,2.0,0.0
2025-12-17 14:00:00+00:00,1.0,-1.0,2.0,0.0
2025-12-17 19:00:00+00:00,-1.0,1.0,2.0,0.0
2025-12-18 05:00:00+00:00,1.0,-1.0,2.0,0.0
2025-12-18 19:00:00+00:00,-1.0,1.0,2.0,0.0
2025-12-19 06:00:00+00:00,1.0,-1.0,2.0,0.0
2025-12-20 08:00:00+00:00,-1.0,1.0,2.0,0.0
2025-12-21 10:00:00+00:00,1.0,-1.0,2.0,0.0
2025-12-21 15:00:00+00:00,-1.0,1.0,2.0,0.0
2025-12-22 00:00:00+00:00,1.0,-1.0,2.0,0.0
2025-12-22 19:00:00+00:00,-1.0,1.0,2.0,0.0
2025-12-23 19:00:00+00:00,1.0,-1.0,2.0,0.0
2025-12-24 08:00:00+00:00,-1.0,1.0,2.0,0.0
2025-12-24 12:00:00+00:00,1.0,-1.0,2.0,0.0
2025-12-25 10:00:00+00:00,-1.0,1.0,2.0,0.0
2025-12-25 16:00:00+00:00,1.0,-1.0,2.0,0.0
2025-12-26 00:00:00+00:00,-1.0,1.0,2.0,0.0
2025-12-26 03:00:00+00:00,1.0,-1.0,2.0,0.0
2025-12-26 15:00:00+00:00,-1.0,1.0,2.0,0.0
2025-12-27 09:00:00+00:00,1.0,-1.0,2.0,0.0
2025-12-28 18:00:00+00:00,-1.0,1.0,2.0,0.0
2025-12-29 01:00:00+00:00,1.0,-1.0,2.0,0.0
2025-12-29 12:00:00+00:00,-1.0,1.0,2.0,0.0
2025-12-30 08:00:00+00:00,1.0,-1.0,2.0,0.0
